episode_id,seat,policy_tag,opening_shape,win,reward,start_seat,is_first
0,0,flexaggrod,2.6914,0,0.0,2,0
0,1,aggro,1.7884000000000002,0,0.0,2,0
0,2,aggro,3.478,0,0.0,2,1
0,3,aggro,3.1676,1,0.0,2,0
1,0,flexaggrod,1.7002000000000002,0,0.0,3,0
1,1,aggro,3.3703999999999996,0,0.0,3,0
1,2,aggro,2.8466,1,0.0,3,0
1,3,aggro,2.4392,0,0.0,3,1
2,0,flexaggrod,2.5556,0,0.0,0,1
2,1,aggro,2.2946000000000004,0,0.0,0,0
2,2,aggro,2.3422,0,0.0,0,0
2,3,aggro,2.7496,1,0.0,0,0
3,0,flexaggrod,3.2558,0,0.0,0,1
3,1,aggro,2.8271999999999995,0,0.0,0,0
3,2,aggro,2.0318,1,0.0,0,0
3,3,aggro,1.3703999999999998,0,0.0,0,0
4,0,flexaggrod,2.6332,0,0.0,1,0
4,1,aggro,4.2258,0,0.0,1,1
4,2,aggro,3.2064000000000004,1,0.0,1,0
4,3,aggro,2.06,0,0.0,1,0
5,0,flexaggrod,1.9736,1,0.0,3,0
5,1,aggro,2.0987999999999998,0,0.0,3,0
5,2,aggro,2.9154000000000004,0,0.0,3,0
5,3,aggro,3.4586,0,0.0,3,1
6,0,flexaggrod,2.3898,0,0.0,3,0
6,1,aggro,2.6914,0,0.0,3,0
6,2,aggro,2.829,1,0.0,3,0
6,3,aggro,2.2152000000000003,0,0.0,3,1
7,0,flexaggrod,3.2258,0,0.0,3,0
7,1,aggro,3.1094,0,0.0,3,0
7,2,aggro,2.6526,1,0.0,3,0
7,3,aggro,2.3916000000000004,0,0.0,3,1
8,0,flexaggrod,2.4004000000000003,0,0.0,0,1
8,1,aggro,2.3334,1,0.0,0,0
8,2,aggro,2.7302,0,0.0,0,0
8,3,aggro,3.1482,0,0.0,0,0
9,0,flexaggrod,4.3616,0,0.0,1,0
9,1,aggro,2.5749999999999997,0,0.0,1,1
9,2,aggro,1.4392,0,0.0,1,0
9,3,aggro,2.4110000000000005,0,0.0,1,0
10,0,flexaggrod,2.1782,0,0.0,2,0
10,1,aggro,1.9436,1,0.0,2,0
10,2,aggro,2.5168000000000004,0,0.0,2,1
10,3,aggro,2.3722000000000003,0,0.0,2,0
11,0,flexaggrod,2.1764,1,0.0,3,0
11,1,aggro,2.8378,0,0.0,3,0
11,2,aggro,2.254,0,0.0,3,0
11,3,aggro,2.4004000000000003,0,0.0,3,1
12,0,flexaggrod,1.8572000000000002,0,0.0,0,1
12,1,aggro,2.6138,0,0.0,0,0
12,2,aggro,4.380999999999999,0,0.0,0,0
12,3,aggro,2.4004000000000003,1,0.0,0,0
13,0,flexaggrod,2.3334,0,0.0,2,0
13,1,aggro,1.5467999999999997,0,0.0,2,0
13,2,aggro,2.6719999999999997,0,0.0,2,1
13,3,aggro,3.1288,1,0.0,2,0
14,0,flexaggrod,3.0706000000000007,0,0.0,1,0
14,1,aggro,3.1870000000000003,0,0.0,1,1
14,2,aggro,4.3616,0,0.0,1,0
14,3,aggro,3.1094,1,0.0,1,0
15,0,flexaggrod,3.1870000000000003,0,0.0,2,0
15,1,aggro,3.5467999999999997,0,0.0,2,0
15,2,aggro,1.739,1,0.0,2,1
15,3,aggro,2.6332,0,0.0,2,0
16,0,flexaggrod,1.5362,0,0.0,3,0
16,1,aggro,3.2452,1,0.0,3,0
16,2,aggro,4.3034,0,0.0,3,0
16,3,aggro,2.2064,0,0.0,3,1
17,0,flexaggrod,2.7796000000000003,0,0.0,2,0
17,1,aggro,3.1094,1,0.0,2,0
17,2,aggro,3.0318000000000005,0,0.0,2,1
17,3,aggro,2.7302,0,0.0,2,0
18,0,flexaggrod,4.1094,0,0.0,0,1
18,1,aggro,2.7990000000000004,0,0.0,0,0
18,2,aggro,3.508,0,0.0,0,0
18,3,aggro,3.2258,1,0.0,0,0
19,0,flexaggrod,2.8078,0,0.0,2,0
19,1,aggro,2.0406,0,0.0,2,0
19,2,aggro,3.3916,0,0.0,2,1
19,3,aggro,2.6526,1,0.0,2,0
20,0,flexaggrod,3.508,1,0.0,3,0
20,1,aggro,3.1288,0,0.0,3,0
20,2,aggro,2.3422,0,0.0,3,0
20,3,aggro,2.2258,0,0.0,3,1
21,0,flexaggrod,2.7496,1,0.0,3,0
21,1,aggro,1.7602,0,0.0,3,0
21,2,aggro,2.7884,0,0.0,3,0
21,3,aggro,2.8960000000000004,0,0.0,3,1
22,0,flexaggrod,3.5662,1,0.0,2,0
22,1,aggro,3.2258,0,0.0,2,0
22,2,aggro,1.3809999999999998,0,0.0,2,1
22,3,aggro,2.7884,0,0.0,2,0
23,0,flexaggrod,3.4886,0,0.0,2,0
23,1,aggro,2.6332,0,0.0,2,0
23,2,aggro,2.5556,0,0.0,2,1
23,3,aggro,2.4692000000000003,1,0.0,2,0
24,0,flexaggrod,3.0124,0,0.0,0,1
24,1,aggro,2.769,1,0.0,0,0
24,2,aggro,4.2258,0,0.0,0,0
24,3,aggro,3.1870000000000003,0,0.0,0,0
25,0,flexaggrod,2.3422,1,0.0,1,0
25,1,aggro,2.7108,0,0.0,1,1
25,2,aggro,2.5362,0,0.0,1,0
25,3,aggro,2.769,0,0.0,1,0
26,0,flexaggrod,2.2946000000000004,0,0.0,1,0
26,1,aggro,4.1676,0,0.0,1,1
26,2,aggro,3.6332,0,0.0,1,0
26,3,aggro,2.7302,1,0.0,1,0
27,0,flexaggrod,3.0900000000000003,0,0.0,2,0
27,1,aggro,1.4956,1,0.0,2,0
27,2,aggro,3.3034,0,0.0,2,1
27,3,aggro,3.314,0,0.0,2,0
28,0,flexaggrod,2.4392,0,0.0,0,1
28,1,aggro,2.2734,1,0.0,0,0
28,2,aggro,2.3334,0,0.0,0,0
28,3,aggro,2.7496,0,0.0,0,0
29,0,flexaggrod,2.1376,0,0.0,1,0
29,1,aggro,2.4585999999999997,0,0.0,1,1
29,2,aggro,3.0124,1,0.0,1,0
29,3,aggro,2.6138,0,0.0,1,0
30,0,flexaggrod,2.3228,0,0.0,1,0
30,1,aggro,3.1676,0,0.0,1,1
30,2,aggro,2.2734,0,0.0,1,0
30,3,aggro,2.769,1,0.0,1,0
31,0,flexaggrod,3.5362,0,0.0,2,0
31,1,aggro,1.8184,0,0.0,2,0
31,2,aggro,2.5556,1,0.0,2,1
31,3,aggro,3.605,0,0.0,2,0
32,0,flexaggrod,1.799,0,0.0,3,0
32,1,aggro,1.8766,0,0.0,3,0
32,2,aggro,3.2064000000000004,0,0.0,3,0
32,3,aggro,2.3616,1,0.0,3,1
33,0,flexaggrod,2.829,0,0.0,0,1
33,1,aggro,2.6138,0,0.0,0,0
33,2,aggro,2.2734,0,0.0,0,0
33,3,aggro,3.6244,0,0.0,0,0
34,0,flexaggrod,3.2064000000000004,0,1.0,1,0
34,1,aggro,1.6808,0,1.0,1,1
34,2,aggro,3.5467999999999997,0,-3.0,1,0
34,3,aggro,3.3916,1,1.0,1,0
35,0,flexaggrod,2.3034,0,0.0,3,0
35,1,aggro,2.4110000000000005,0,0.0,3,0
35,2,aggro,3.5168,1,0.0,3,0
35,3,aggro,2.4974,0,0.0,3,1
36,0,flexaggrod,2.5362,0,0.0,0,1
36,1,aggro,1.9436,1,0.0,0,0
36,2,aggro,2.2752000000000003,0,0.0,0,0
36,3,aggro,2.5944,0,0.0,0,0
37,0,flexaggrod,3.4867999999999997,0,0.0,1,0
37,1,aggro,2.9348000000000005,0,0.0,1,1
37,2,aggro,2.3916000000000004,0,0.0,1,0
37,3,aggro,2.3810000000000002,0,0.0,1,0
38,0,flexaggrod,3.1676,0,0.0,0,1
38,1,aggro,3.1870000000000003,1,0.0,0,0
38,2,aggro,2.9930000000000003,0,0.0,0,0
38,3,aggro,1.6156,0,0.0,0,0
39,0,flexaggrod,2.2452,0,0.0,3,0
39,1,aggro,2.4198,0,0.0,3,0
39,2,aggro,2.1764,1,0.0,3,0
39,3,aggro,1.5767999999999998,0,0.0,3,1
40,0,flexaggrod,3.5168,0,1.0,1,0
40,1,aggro,3.2064000000000004,0,-3.0,1,1
40,2,aggro,1.9736,0,1.0,1,0
40,3,aggro,3.1870000000000003,1,1.0,1,0
41,0,flexaggrod,3.2258,0,0.0,2,0
41,1,aggro,3.5273999999999996,0,0.0,2,0
41,2,aggro,1.4585999999999997,1,0.0,2,1
41,3,aggro,2.2346000000000004,0,0.0,2,0
42,0,flexaggrod,4.1094,1,0.0,3,0
42,1,aggro,3.5944000000000003,0,0.0,3,0
42,2,aggro,2.7302,0,0.0,3,0
42,3,aggro,2.6138,0,0.0,3,1
43,0,flexaggrod,2.3316000000000003,0,0.0,1,0
43,1,aggro,1.4497999999999998,1,0.0,1,1
43,2,aggro,1.4198,0,0.0,1,0
43,3,aggro,2.3334,0,0.0,1,0
44,0,flexaggrod,2.0212000000000003,1,0.0,3,0
44,1,aggro,2.6719999999999997,0,0.0,3,0
44,2,aggro,2.5556,0,0.0,3,0
44,3,aggro,2.6332,0,0.0,3,1
45,0,flexaggrod,2.2928,0,0.0,2,0
45,1,aggro,2.1376,0,0.0,2,0
45,2,aggro,2.7708,0,0.0,2,1
45,3,aggro,3.1482,0,0.0,2,0
46,0,flexaggrod,2.284,0,0.0,0,1
46,1,aggro,3.2646,1,0.0,0,0
46,2,aggro,1.8960000000000001,0,0.0,0,0
46,3,aggro,1.5767999999999998,0,0.0,0,0
47,0,flexaggrod,3.1870000000000003,0,0.0,2,0
47,1,aggro,2.7884,1,0.0,2,0
47,2,aggro,2.3122000000000003,0,0.0,2,1
47,3,aggro,3.5856,0,0.0,2,0
48,0,flexaggrod,4.2646,1,0.0,3,0
48,1,aggro,2.6332,0,0.0,3,0
48,2,aggro,3.0124,0,0.0,3,0
48,3,aggro,2.3810000000000002,0,0.0,3,1
49,0,flexaggrod,2.3334,1,0.0,3,0
49,1,aggro,3.0900000000000003,0,0.0,3,0
49,2,aggro,2.5944,0,0.0,3,0
49,3,aggro,1.799,0,0.0,3,1
50,0,flexaggrod,3.0900000000000003,1,0.0,2,0
50,1,aggro,4.2646,0,0.0,2,0
50,2,aggro,1.8766,0,0.0,2,1
50,3,aggro,1.739,0,0.0,2,0
51,0,flexaggrod,3.4497999999999998,1,0.0,3,0
51,1,aggro,1.8184,0,0.0,3,0
51,2,aggro,3.0318000000000005,0,0.0,3,0
51,3,aggro,2.8184,0,0.0,3,1
52,0,flexaggrod,3.1288,0,0.0,2,0
52,1,aggro,3.5168,0,0.0,2,0
52,2,aggro,2.4886000000000004,0,0.0,2,1
52,3,aggro,2.5944,1,0.0,2,0
53,0,flexaggrod,3.4303999999999997,0,0.0,1,0
53,1,aggro,4.3034,0,0.0,1,1
53,2,aggro,2.9930000000000003,1,0.0,1,0
53,3,aggro,4.3422,0,0.0,1,0
54,0,flexaggrod,2.8078,0,0.0,2,0
54,1,aggro,2.314,0,0.0,2,0
54,2,aggro,-0.4602,0,0.0,2,1
54,3,aggro,3.1870000000000003,1,0.0,2,0
55,0,flexaggrod,2.4004000000000003,1,0.0,1,0
55,1,aggro,3.1288,0,0.0,1,1
55,2,aggro,3.4586,0,0.0,1,0
55,3,aggro,3.1288,0,0.0,1,0
56,0,flexaggrod,3.1870000000000003,1,0.0,1,0
56,1,aggro,3.0706000000000007,0,0.0,1,1
56,2,aggro,1.8748000000000002,0,0.0,1,0
56,3,aggro,2.4498,0,0.0,1,0
57,0,flexaggrod,2.2558000000000002,0,0.0,0,1
57,1,aggro,1.9542,0,0.0,0,0
57,2,aggro,1.9242,0,0.0,0,0
57,3,aggro,2.217,1,0.0,0,0
58,0,flexaggrod,3.0512,1,0.0,3,0
58,1,aggro,2.2734,0,0.0,3,0
58,2,aggro,2.5856,0,0.0,3,0
58,3,aggro,1.7972000000000004,0,0.0,3,1
59,0,flexaggrod,3.1094,1,0.0,3,0
59,1,aggro,3.4004,0,0.0,3,0
59,2,aggro,2.3704000000000005,0,0.0,3,0
59,3,aggro,2.3228,0,0.0,3,1
60,0,flexaggrod,2.3228,0,0.0,3,0
60,1,aggro,4.3616,0,0.0,3,0
60,2,aggro,3.508,0,0.0,3,0
60,3,aggro,1.7002000000000002,0,0.0,3,1
61,0,flexaggrod,2.4004000000000003,1,0.0,0,1
61,1,aggro,2.314,0,0.0,0,0
61,2,aggro,2.5556,0,0.0,0,0
61,3,aggro,2.3334,0,0.0,0,0
62,0,flexaggrod,2.7302,1,0.0,3,0
62,1,aggro,2.7302,0,0.0,3,0
62,2,aggro,3.4974,0,0.0,3,0
62,3,aggro,3.3916,0,0.0,3,1
63,0,flexaggrod,1.7972000000000004,1,0.0,2,0
63,1,aggro,1.9348,0,0.0,2,0
63,2,aggro,1.8166000000000002,0,0.0,2,1
63,3,aggro,3.5362,0,0.0,2,0
64,0,flexaggrod,2.478,0,0.0,0,1
64,1,aggro,3.0706000000000007,1,0.0,0,0
64,2,aggro,1.6243999999999998,0,0.0,0,0
64,3,aggro,3.3509999999999995,0,0.0,0,0
65,0,flexaggrod,2.8378,0,0.0,1,0
65,1,aggro,1.0423999999999998,0,0.0,1,1
65,2,aggro,3.0124,0,0.0,1,0
65,3,aggro,2.3334,1,0.0,1,0
66,0,flexaggrod,2.1182,0,0.0,0,1
66,1,aggro,3.1288,0,0.0,0,0
66,2,aggro,3.5556,1,0.0,0,0
66,3,aggro,1.9736,0,0.0,0,0
67,0,flexaggrod,3.1676,0,0.0,2,0
67,1,aggro,4.4586,0,0.0,2,0
67,2,aggro,1.799,1,0.0,2,1
67,3,aggro,1.799,0,0.0,2,0
68,0,flexaggrod,3.1094,1,0.0,3,0
68,1,aggro,2.6914,0,0.0,3,0
68,2,aggro,2.2928,0,0.0,3,0
68,3,aggro,2.2364,0,0.0,3,1
69,0,flexaggrod,1.8166000000000002,1,0.0,1,0
69,1,aggro,1.5838,0,0.0,1,1
69,2,aggro,3.6244,0,0.0,1,0
69,3,aggro,2.7108,0,0.0,1,0
70,0,flexaggrod,2.4692000000000003,0,0.0,2,0
70,1,aggro,2.3616,0,0.0,2,0
70,2,aggro,3.0124,1,0.0,2,1
70,3,aggro,4.284,0,0.0,2,0
71,0,flexaggrod,2.0018000000000002,0,0.0,1,0
71,1,aggro,1.8272000000000004,0,0.0,1,1
71,2,aggro,2.6138,1,0.0,1,0
71,3,aggro,2.157,0,0.0,1,0
72,0,flexaggrod,2.8766000000000003,0,0.0,0,1
72,1,aggro,2.3528000000000002,0,0.0,0,0
72,2,aggro,2.2928,1,0.0,0,0
72,3,aggro,3.1676,0,0.0,0,0
73,0,flexaggrod,2.7302,0,0.0,3,0
73,1,aggro,1.9542,0,0.0,3,0
73,2,aggro,2.3334,1,0.0,3,0
73,3,aggro,3.1288,0,0.0,3,1
74,0,flexaggrod,2.2752000000000003,0,0.0,0,1
74,1,aggro,3.3034000000000003,0,0.0,0,0
74,2,aggro,2.6138,1,0.0,0,0
74,3,aggro,2.7796000000000003,0,0.0,0,0
75,0,flexaggrod,3.4692,0,0.0,0,1
75,1,aggro,2.7108,1,0.0,0,0
75,2,aggro,3.1482,0,0.0,0,0
75,3,aggro,2.3916000000000004,0,0.0,0,0
76,0,flexaggrod,1.9048000000000003,0,0.0,0,1
76,1,aggro,4.3422,1,0.0,0,0
76,2,aggro,3.4586,0,0.0,0,0
76,3,aggro,3.2064000000000004,0,0.0,0,0
77,0,flexaggrod,1.9348,1,0.0,2,0
77,1,aggro,2.1376,0,0.0,2,0
77,2,aggro,1.7602,0,0.0,2,1
77,3,aggro,2.3916000000000004,0,0.0,2,0
78,0,flexaggrod,1.5750000000000002,0,0.0,2,0
78,1,aggro,2.6526,1,0.0,2,0
78,2,aggro,2.1782,0,0.0,2,1
78,3,aggro,2.8484,0,0.0,2,0
79,0,flexaggrod,3.2646,1,0.0,0,1
79,1,aggro,2.829,0,0.0,0,0
79,2,aggro,1.8748000000000002,0,0.0,0,0
79,3,aggro,3.3916,0,0.0,0,0
80,0,flexaggrod,1.4198,0,0.0,0,1
80,1,aggro,2.314,0,0.0,0,0
80,2,aggro,2.769,0,0.0,0,0
80,3,aggro,1.9136000000000002,1,0.0,0,0
81,0,flexaggrod,2.1958,0,0.0,1,0
81,1,aggro,4.2646,0,0.0,1,1
81,2,aggro,3.0318000000000005,0,0.0,1,0
81,3,aggro,3.5362,0,0.0,1,0
82,0,flexaggrod,2.5944,0,0.0,1,0
82,1,aggro,2.2152000000000003,1,0.0,1,1
82,2,aggro,2.3422,0,0.0,1,0
82,3,aggro,2.3616,0,0.0,1,0
83,0,flexaggrod,0.9259999999999999,1,0.0,0,1
83,1,aggro,2.3898,0,0.0,0,0
83,2,aggro,2.4974,0,0.0,0,0
83,3,aggro,3.575,0,0.0,0,0
84,0,flexaggrod,1.4885999999999997,0,0.0,0,1
84,1,aggro,3.6138,0,0.0,0,0
84,2,aggro,3.0900000000000003,0,0.0,0,0
84,3,aggro,3.508,0,0.0,0,0
85,0,flexaggrod,2.2928,0,0.0,1,0
85,1,aggro,2.4304000000000006,0,0.0,1,1
85,2,aggro,4.3616,1,0.0,1,0
85,3,aggro,2.3616,0,0.0,1,0
86,0,flexaggrod,1.739,1,0.0,0,1
86,1,aggro,2.9736,0,0.0,0,0
86,2,aggro,2.4586,0,0.0,0,0
86,3,aggro,3.4109999999999996,0,0.0,0,0
87,0,flexaggrod,2.6719999999999997,0,0.0,0,1
87,1,aggro,4.4586,0,0.0,0,0
87,2,aggro,2.769,1,0.0,0,0
87,3,aggro,3.6244,0,0.0,0,0
88,0,flexaggrod,2.3334,0,0.0,2,0
88,1,aggro,2.5362,0,0.0,2,0
88,2,aggro,2.2558000000000002,1,0.0,2,1
88,3,aggro,3.7408,0,0.0,2,0
89,0,flexaggrod,2.8571999999999997,0,0.0,2,0
89,1,aggro,3.5662,0,0.0,2,0
89,2,aggro,2.2346000000000004,0,0.0,2,1
89,3,aggro,1.5168,1,0.0,2,0
90,0,flexaggrod,2.4392,1,0.0,0,1
90,1,aggro,3.4392,0,0.0,0,0
90,2,aggro,3.6138,0,0.0,0,0
90,3,aggro,3.4692,0,0.0,0,0
91,0,flexaggrod,2.5556,0,0.0,2,0
91,1,aggro,3.1288,1,0.0,2,0
91,2,aggro,1.3809999999999998,0,0.0,2,1
91,3,aggro,2.5362,0,0.0,2,0
92,0,flexaggrod,2.8378,0,0.0,0,1
92,1,aggro,2.4498,0,0.0,0,0
92,2,aggro,2.7990000000000004,1,0.0,0,0
92,3,aggro,1.3898,0,0.0,0,0
93,0,flexaggrod,2.4886000000000004,0,0.0,3,0
93,1,aggro,1.8272000000000004,1,0.0,3,0
93,2,aggro,2.6914,0,0.0,3,0
93,3,aggro,1.9436,0,0.0,3,1
94,0,flexaggrod,2.7108,1,0.0,3,0
94,1,aggro,2.769,0,0.0,3,0
94,2,aggro,2.769,0,0.0,3,0
94,3,aggro,3.4692,0,0.0,3,1
95,0,flexaggrod,3.5662,0,0.0,3,0
95,1,aggro,2.5080000000000005,0,0.0,3,0
95,2,aggro,2.4198,1,0.0,3,0
95,3,aggro,2.4304000000000006,0,0.0,3,1
96,0,flexaggrod,2.1764,0,0.0,0,1
96,1,aggro,2.1958,1,0.0,0,0
96,2,aggro,1.8078000000000003,0,0.0,0,0
96,3,aggro,4.2064,0,0.0,0,0
97,0,flexaggrod,1.9436,0,0.0,1,0
97,1,aggro,2.5168000000000004,0,0.0,1,1
97,2,aggro,3.1676,0,0.0,1,0
97,3,aggro,3.605,1,0.0,1,0
98,0,flexaggrod,2.5362,0,0.0,1,0
98,1,aggro,4.1094,0,0.0,1,1
98,2,aggro,2.314,1,0.0,1,0
98,3,aggro,3.1870000000000003,0,0.0,1,0
99,0,flexaggrod,2.5168000000000004,0,0.0,2,0
99,1,aggro,1.8572000000000002,0,0.0,2,0
99,2,aggro,2.7302,1,0.0,2,1
99,3,aggro,3.2064000000000004,0,0.0,2,0
100,0,flexaggrod,2.4498,0,0.0,3,0
100,1,aggro,2.2346000000000004,1,0.0,3,0
100,2,aggro,1.4691999999999998,0,0.0,3,0
100,3,aggro,3.0706000000000007,0,0.0,3,1
101,0,flexaggrod,2.3316000000000003,1,0.0,2,0
101,1,aggro,3.1676,0,0.0,2,0
101,2,aggro,1.5838,0,0.0,2,1
101,3,aggro,2.3334,0,0.0,2,0
102,0,flexaggrod,3.1482,0,0.0,0,1
102,1,aggro,2.3722000000000003,0,0.0,0,0
102,2,aggro,4.284,1,0.0,0,0
102,3,aggro,2.7496,0,0.0,0,0
103,0,flexaggrod,1.8272000000000004,0,0.0,0,1
103,1,aggro,2.3810000000000002,0,0.0,0,0
103,2,aggro,1.6808,0,0.0,0,0
103,3,aggro,2.5080000000000005,1,0.0,0,0
104,0,flexaggrod,3.5944000000000003,1,0.0,1,0
104,1,aggro,1.6914000000000002,0,0.0,1,1
104,2,aggro,2.3616,0,0.0,1,0
104,3,aggro,3.1870000000000003,0,0.0,1,0
105,0,flexaggrod,1.5185999999999997,0,0.0,0,1
105,1,aggro,2.7496,0,0.0,0,0
105,2,aggro,3.2258,0,0.0,0,0
105,3,aggro,2.8678,1,0.0,0,0
106,0,flexaggrod,2.217,0,0.0,3,0
106,1,aggro,2.4004000000000003,1,0.0,3,0
106,2,aggro,4.4974,0,0.0,3,0
106,3,aggro,4.2452,0,0.0,3,1
107,0,flexaggrod,3.1288,1,0.0,3,0
107,1,aggro,2.5168000000000004,0,0.0,3,0
107,2,aggro,3.0706000000000007,0,0.0,3,0
107,3,aggro,3.1482,0,0.0,3,1
108,0,flexaggrod,2.2152000000000003,1,0.0,1,0
108,1,aggro,1.6156,0,0.0,1,1
108,2,aggro,2.5362,0,0.0,1,0
108,3,aggro,3.4692,0,0.0,1,0
109,0,flexaggrod,3.4303999999999997,0,0.0,0,1
109,1,aggro,2.3722000000000003,1,0.0,0,0
109,2,aggro,2.4286000000000003,0,0.0,0,0
109,3,aggro,2.3528000000000002,0,0.0,0,0
110,0,flexaggrod,2.5556,1,0.0,2,0
110,1,aggro,2.8571999999999997,0,0.0,2,0
110,2,aggro,2.769,0,0.0,2,1
110,3,aggro,2.8484,0,0.0,2,0
111,0,flexaggrod,4.2258,0,0.0,1,0
111,1,aggro,2.157,1,0.0,1,1
111,2,aggro,2.6526,0,0.0,1,0
111,3,aggro,4.1288,0,0.0,1,0
112,0,flexaggrod,1.7196000000000002,0,0.0,0,1
112,1,aggro,2.3228,0,0.0,0,0
112,2,aggro,2.8678,0,0.0,0,0
112,3,aggro,1.7690000000000001,1,0.0,0,0
113,0,flexaggrod,1.9048000000000003,0,0.0,3,0
113,1,aggro,2.2152000000000003,1,0.0,3,0
113,2,aggro,1.6438,0,0.0,3,0
113,3,aggro,2.3422,0,0.0,3,1
114,0,flexaggrod,1.5961999999999998,0,0.0,0,1
114,1,aggro,2.7496,1,0.0,0,0
114,2,aggro,3.1870000000000003,0,0.0,0,0
114,3,aggro,4.3422,0,0.0,0,0
115,0,flexaggrod,1.9048000000000003,0,0.0,0,1
115,1,aggro,1.8184,0,0.0,0,0
115,2,aggro,3.0900000000000003,1,0.0,0,0
115,3,aggro,2.6526,0,0.0,0,0
116,0,flexaggrod,2.3722000000000003,1,0.0,1,0
116,1,aggro,3.381,0,0.0,1,1
116,2,aggro,2.478,0,0.0,1,0
116,3,aggro,2.6914,0,0.0,1,0
117,0,flexaggrod,2.4692000000000003,0,0.0,1,0
117,1,aggro,3.5556,1,0.0,1,1
117,2,aggro,1.9929999999999999,0,0.0,1,0
117,3,aggro,3.1482,0,0.0,1,0
118,0,flexaggrod,1.7690000000000001,0,0.0,0,1
118,1,aggro,2.0512,0,0.0,0,0
118,2,aggro,3.1094,0,0.0,0,0
118,3,aggro,2.1376,1,0.0,0,0
119,0,flexaggrod,2.6526,0,0.0,3,0
119,1,aggro,3.1676,0,0.0,3,0
119,2,aggro,3.0900000000000003,1,0.0,3,0
119,3,aggro,4.1482,0,0.0,3,1
120,0,flexaggrod,3.5467999999999997,1,0.0,2,0
120,1,aggro,1.9929999999999999,0,0.0,2,0
120,2,aggro,2.5362,0,0.0,2,1
120,3,aggro,3.5662,0,0.0,2,0
121,0,flexaggrod,2.3616,1,0.0,1,0
121,1,aggro,3.5467999999999997,0,0.0,1,1
121,2,aggro,3.1870000000000003,0,0.0,1,0
121,3,aggro,2.7884,0,0.0,1,0
122,0,flexaggrod,1.9542,1,0.0,1,0
122,1,aggro,3.4692,0,0.0,1,1
122,2,aggro,3.1482,0,0.0,1,0
122,3,aggro,3.4692,0,0.0,1,0
123,0,flexaggrod,3.0512,0,0.0,1,0
123,1,aggro,2.6332,0,0.0,1,1
123,2,aggro,1.9542,1,0.0,1,0
123,3,aggro,3.1094,0,0.0,1,0
124,0,flexaggrod,2.9930000000000003,0,0.0,1,0
124,1,aggro,1.8572000000000002,0,0.0,1,1
124,2,aggro,2.2734,0,0.0,1,0
124,3,aggro,3.2452,1,0.0,1,0
125,0,flexaggrod,3.3422,0,0.0,3,0
125,1,aggro,2.5749999999999997,0,0.0,3,0
125,2,aggro,2.6719999999999997,1,0.0,3,0
125,3,aggro,4.3616,0,0.0,3,1
126,0,flexaggrod,3.1676,0,0.0,0,1
126,1,aggro,1.4585999999999997,1,0.0,0,0
126,2,aggro,2.6526,0,0.0,0,0
126,3,aggro,3.4586,0,0.0,0,0
127,0,flexaggrod,2.7302,0,0.0,2,0
127,1,aggro,2.2752000000000003,1,0.0,2,0
127,2,aggro,2.478,0,0.0,2,1
127,3,aggro,2.4498,0,0.0,2,0
128,0,flexaggrod,2.3722000000000003,0,0.0,3,0
128,1,aggro,2.7108,0,0.0,3,0
128,2,aggro,1.7496,1,0.0,3,0
128,3,aggro,1.702,0,0.0,3,1
129,0,flexaggrod,2.1976,0,0.0,0,1
129,1,aggro,4.3034,1,0.0,0,0
129,2,aggro,3.5662,0,0.0,0,0
129,3,aggro,2.8272,0,0.0,0,0
130,0,flexaggrod,2.4498,0,0.0,1,0
130,1,aggro,1.6032000000000002,1,0.0,1,1
130,2,aggro,1.8466,0,0.0,1,0
130,3,aggro,3.2064000000000004,0,0.0,1,0
131,0,flexaggrod,3.0706000000000007,0,0.0,3,0
131,1,aggro,2.4974,1,0.0,3,0
131,2,aggro,2.4692000000000003,0,0.0,3,0
131,3,aggro,2.187,0,0.0,3,1
132,0,flexaggrod,2.4304000000000006,1,0.0,3,0
132,1,aggro,3.1094,0,0.0,3,0
132,2,aggro,2.6332,0,0.0,3,0
132,3,aggro,1.9348,0,0.0,3,1
133,0,flexaggrod,2.7108,0,0.0,2,0
133,1,aggro,2.3616,0,0.0,2,0
133,2,aggro,2.9348000000000005,0,0.0,2,1
133,3,aggro,2.769,1,0.0,2,0
134,0,flexaggrod,1.8078000000000003,0,0.0,3,0
134,1,aggro,3.1094,1,0.0,3,0
134,2,aggro,2.6138,0,0.0,3,0
134,3,aggro,2.0794,0,0.0,3,1
135,0,flexaggrod,3.4286,1,0.0,2,0
135,1,aggro,2.1764,0,0.0,2,0
135,2,aggro,1.9348,0,0.0,2,1
135,3,aggro,1.5574,0,0.0,2,0
136,0,flexaggrod,3.6437999999999997,0,0.0,3,0
136,1,aggro,3.1094,0,0.0,3,0
136,2,aggro,4.3034,0,0.0,3,0
136,3,aggro,2.0987999999999998,1,0.0,3,1
137,0,flexaggrod,1.799,0,0.0,2,0
137,1,aggro,2.7196000000000002,0,0.0,2,0
137,2,aggro,4.3616,0,0.0,2,1
137,3,aggro,2.5749999999999997,1,0.0,2,0
138,0,flexaggrod,1.5079999999999998,1,0.0,0,1
138,1,aggro,2.3722000000000003,0,0.0,0,0
138,2,aggro,2.8184,0,0.0,0,0
138,3,aggro,2.1764,0,0.0,0,0
139,0,flexaggrod,2.1958,1,0.0,2,0
139,1,aggro,2.284,0,0.0,2,0
139,2,aggro,2.3916000000000004,0,0.0,2,1
139,3,aggro,1.9736,0,0.0,2,0
140,0,flexaggrod,3.1288,1,0.0,1,0
140,1,aggro,3.508,0,0.0,1,1
140,2,aggro,2.2928,0,0.0,1,0
140,3,aggro,1.7408,0,0.0,1,0
141,0,flexaggrod,1.9736,0,0.0,3,0
141,1,aggro,3.5662,0,0.0,3,0
141,2,aggro,3.5467999999999997,0,0.0,3,0
141,3,aggro,2.2258,1,0.0,3,1
142,0,flexaggrod,2.1782,0,0.0,3,0
142,1,aggro,1.5661999999999998,1,0.0,3,0
142,2,aggro,2.6914,0,0.0,3,0
142,3,aggro,2.1394,0,0.0,3,1
143,0,flexaggrod,3.3422000000000005,0,0.0,3,0
143,1,aggro,3.6526,0,0.0,3,0
143,2,aggro,2.2346000000000004,1,0.0,3,0
143,3,aggro,2.4586,0,0.0,3,1
144,0,flexaggrod,1.8748000000000002,1,0.0,3,0
144,1,aggro,3.2840000000000003,0,0.0,3,0
144,2,aggro,3.7214,0,0.0,3,0
144,3,aggro,1.7496,0,0.0,3,1
145,0,flexaggrod,4.4586,0,0.0,2,0
145,1,aggro,3.2258,0,0.0,2,0
145,2,aggro,3.0900000000000003,0,0.0,2,1
145,3,aggro,2.5944,0,0.0,2,0
146,0,flexaggrod,2.7108,1,0.0,0,1
146,1,aggro,2.2734,0,0.0,0,0
146,2,aggro,2.3122000000000003,0,0.0,0,0
146,3,aggro,3.3422000000000005,0,0.0,0,0
147,0,flexaggrod,3.1094,0,0.0,1,0
147,1,aggro,1.7496,1,0.0,1,1
147,2,aggro,1.9436,0,0.0,1,0
147,3,aggro,3.0512,0,0.0,1,0
148,0,flexaggrod,3.2840000000000003,1,0.0,1,0
148,1,aggro,3.4109999999999996,0,0.0,1,1
148,2,aggro,2.478,0,0.0,1,0
148,3,aggro,4.2452,0,0.0,1,0
149,0,flexaggrod,2.3316000000000003,0,0.0,2,0
149,1,aggro,2.3316000000000003,0,0.0,2,0
149,2,aggro,2.8078,1,0.0,2,1
149,3,aggro,3.1482,0,0.0,2,0
150,0,flexaggrod,1.8572000000000002,0,0.0,3,0
150,1,aggro,3.4886,0,0.0,3,0
150,2,aggro,2.6719999999999997,1,0.0,3,0
150,3,aggro,3.0706000000000007,0,0.0,3,1
151,0,flexaggrod,2.4498,0,0.0,2,0
151,1,aggro,2.3122000000000003,0,0.0,2,0
151,2,aggro,2.2152000000000003,1,0.0,2,1
151,3,aggro,1.9136000000000002,0,0.0,2,0
152,0,flexaggrod,2.2646,0,0.0,0,1
152,1,aggro,2.0212000000000003,0,0.0,0,0
152,2,aggro,2.769,0,0.0,0,0
152,3,aggro,2.6719999999999997,0,0.0,0,0
153,0,flexaggrod,4.1094,0,0.0,2,0
153,1,aggro,2.769,0,0.0,2,0
153,2,aggro,2.3316000000000003,0,0.0,2,1
153,3,aggro,3.1288,1,0.0,2,0
154,0,flexaggrod,3.0900000000000003,0,0.0,1,0
154,1,aggro,2.8096,0,0.0,1,1
154,2,aggro,2.6914,0,0.0,1,0
154,3,aggro,1.6738,1,0.0,1,0
155,0,flexaggrod,2.3810000000000002,0,0.0,0,1
155,1,aggro,2.4110000000000005,1,0.0,0,0
155,2,aggro,3.4109999999999996,0,0.0,0,0
155,3,aggro,1.605,0,0.0,0,0
156,0,flexaggrod,2.0318,0,0.0,2,0
156,1,aggro,2.1764,0,0.0,2,0
156,2,aggro,2.3316000000000003,0,0.0,2,1
156,3,aggro,2.5944,1,0.0,2,0
157,0,flexaggrod,1.5767999999999998,0,0.0,0,1
157,1,aggro,3.1482,0,0.0,0,0
157,2,aggro,2.4004000000000003,0,0.0,0,0
157,3,aggro,4.2646,1,0.0,0,0
158,0,flexaggrod,3.0512,1,0.0,0,1
158,1,aggro,2.6719999999999997,0,0.0,0,0
158,2,aggro,3.1482,0,0.0,0,0
158,3,aggro,3.4886,0,0.0,0,0
159,0,flexaggrod,3.4497999999999998,0,0.0,2,0
159,1,aggro,2.7884,0,0.0,2,0
159,2,aggro,2.1376,0,0.0,2,1
159,3,aggro,1.448,1,0.0,2,0
160,0,flexaggrod,3.575,0,0.0,1,0
160,1,aggro,3.0124,1,0.0,1,1
160,2,aggro,2.8484,0,0.0,1,0
160,3,aggro,1.9542,0,0.0,1,0
161,0,flexaggrod,3.478,0,0.0,2,0
161,1,aggro,2.7302,0,0.0,2,0
161,2,aggro,2.4974,0,0.0,2,1
161,3,aggro,2.1376,1,0.0,2,0
162,0,flexaggrod,4.09,0,0.0,1,0
162,1,aggro,2.6719999999999997,0,0.0,1,1
162,2,aggro,1.7107999999999999,1,0.0,1,0
162,3,aggro,2.9542000000000006,0,0.0,1,0
163,0,flexaggrod,3.1482,0,0.0,1,0
163,1,aggro,1.8272000000000004,0,0.0,1,1
163,2,aggro,3.4198,0,0.0,1,0
163,3,aggro,3.1676,0,0.0,1,0
164,0,flexaggrod,3.4392,0,0.0,3,0
164,1,aggro,2.7302,1,0.0,3,0
164,2,aggro,3.6914000000000002,0,0.0,3,0
164,3,aggro,3.0318000000000005,0,0.0,3,1
165,0,flexaggrod,4.4392000000000005,0,0.0,2,0
165,1,aggro,2.5080000000000005,0,0.0,2,0
165,2,aggro,3.1482,1,0.0,2,1
165,3,aggro,1.8378,0,0.0,2,0
166,0,flexaggrod,2.0987999999999998,0,0.0,1,0
166,1,aggro,1.448,1,0.0,1,1
166,2,aggro,2.7496,0,0.0,1,0
166,3,aggro,1.3809999999999998,0,0.0,1,0
167,0,flexaggrod,3.5273999999999996,1,0.0,0,1
167,1,aggro,3.4392,0,0.0,0,0
167,2,aggro,2.7496,0,0.0,0,0
167,3,aggro,1.739,0,0.0,0,0
168,0,flexaggrod,1.8942,0,0.0,1,0
168,1,aggro,4.186999999999999,0,0.0,1,1
168,2,aggro,3.4974,0,0.0,1,0
168,3,aggro,2.7302,1,0.0,1,0
169,0,flexaggrod,1.5767999999999998,0,0.0,3,0
169,1,aggro,2.8078,0,0.0,3,0
169,2,aggro,1.9242,1,0.0,3,0
169,3,aggro,2.0987999999999998,0,0.0,3,1
170,0,flexaggrod,1.8184,0,0.0,2,0
170,1,aggro,1.5961999999999998,0,0.0,2,0
170,2,aggro,1.8360000000000003,0,0.0,2,1
170,3,aggro,2.6719999999999997,1,0.0,2,0
171,0,flexaggrod,2.8871999999999995,0,0.0,1,0
171,1,aggro,2.9542000000000006,0,0.0,1,1
171,2,aggro,1.8184,1,0.0,1,0
171,3,aggro,2.8271999999999995,0,0.0,1,0
172,0,flexaggrod,2.3316000000000003,0,0.0,1,0
172,1,aggro,2.5168000000000004,0,0.0,1,1
172,2,aggro,1.8572000000000002,0,0.0,1,0
172,3,aggro,2.7108,1,0.0,1,0
173,0,flexaggrod,2.6526,0,0.0,1,0
173,1,aggro,2.2558000000000002,0,0.0,1,1
173,2,aggro,1.7602,1,0.0,1,0
173,3,aggro,3.5273999999999996,0,0.0,1,0
174,0,flexaggrod,3.0512,0,0.0,0,1
174,1,aggro,1.8378,0,0.0,0,0
174,2,aggro,1.5362,1,0.0,0,0
174,3,aggro,1.9154000000000002,0,0.0,0,0
175,0,flexaggrod,3.5273999999999996,0,0.0,0,1
175,1,aggro,2.3722000000000003,0,0.0,0,0
175,2,aggro,3.3228000000000004,1,0.0,0,0
175,3,aggro,2.8871999999999995,0,0.0,0,0
176,0,flexaggrod,2.6526,0,0.0,3,0
176,1,aggro,2.2558000000000002,0,0.0,3,0
176,2,aggro,3.2840000000000003,0,0.0,3,0
176,3,aggro,2.2152000000000003,1,0.0,3,1
177,0,flexaggrod,1.6156,0,0.0,0,1
177,1,aggro,2.4004000000000003,0,0.0,0,0
177,2,aggro,1.8272000000000004,0,0.0,0,0
177,3,aggro,2.6138,1,0.0,0,0
178,0,flexaggrod,2.3334,0,0.0,2,0
178,1,aggro,1.9048000000000003,0,0.0,2,0
178,2,aggro,2.4198,1,0.0,2,1
178,3,aggro,3.2258,0,0.0,2,0
179,0,flexaggrod,1.9824000000000002,1,0.0,3,0
179,1,aggro,2.866,0,0.0,3,0
179,2,aggro,2.2928,0,0.0,3,0
179,3,aggro,2.09,0,0.0,3,1
180,0,flexaggrod,2.6526,0,0.0,0,1
180,1,aggro,1.5961999999999998,0,0.0,0,0
180,2,aggro,2.4004000000000003,0,0.0,0,0
180,3,aggro,3.2064000000000004,1,0.0,0,0
181,0,flexaggrod,2.314,0,0.0,2,0
181,1,aggro,2.3704000000000005,1,0.0,2,0
181,2,aggro,2.5944,0,0.0,2,1
181,3,aggro,3.4303999999999997,0,0.0,2,0
182,0,flexaggrod,3.3810000000000002,0,0.0,2,0
182,1,aggro,2.3898,0,0.0,2,0
182,2,aggro,1.0617999999999999,0,0.0,2,1
182,3,aggro,2.4392,1,0.0,2,0
183,0,flexaggrod,3.5662,0,0.0,2,0
183,1,aggro,2.4304000000000006,0,0.0,2,0
183,2,aggro,2.157,1,0.0,2,1
183,3,aggro,3.4286,0,0.0,2,0
184,0,flexaggrod,3.4286,0,0.0,0,1
184,1,aggro,2.3528000000000002,0,0.0,0,0
184,2,aggro,1.8766,0,0.0,0,0
184,3,aggro,3.1870000000000003,0,0.0,0,0
185,0,flexaggrod,2.4392,0,0.0,1,0
185,1,aggro,1.6332,0,0.0,1,1
185,2,aggro,2.4304000000000006,0,0.0,1,0
185,3,aggro,1.4973999999999998,1,0.0,1,0
186,0,flexaggrod,2.2734,1,0.0,0,1
186,1,aggro,2.8678,0,0.0,0,0
186,2,aggro,2.6914,0,0.0,0,0
186,3,aggro,2.9435999999999996,0,0.0,0,0
187,0,flexaggrod,2.3228,1,0.0,1,0
187,1,aggro,2.0987999999999998,0,0.0,1,1
187,2,aggro,2.5944,0,0.0,1,0
187,3,aggro,2.4974,0,0.0,1,0
188,0,flexaggrod,2.7126,0,0.0,0,1
188,1,aggro,3.4586,1,0.0,0,0
188,2,aggro,2.6332,0,0.0,0,0
188,3,aggro,2.4498,0,0.0,0,0
189,0,flexaggrod,4.5556,0,0.0,1,0
189,1,aggro,2.5362,0,0.0,1,1
189,2,aggro,3.1288,1,0.0,1,0
189,3,aggro,1.4674,0,0.0,1,0
190,0,flexaggrod,2.3122000000000003,0,0.0,1,0
190,1,aggro,2.1764,1,0.0,1,1
190,2,aggro,2.8484,0,0.0,1,0
190,3,aggro,3.0318000000000005,0,0.0,1,0
191,0,flexaggrod,3.3228000000000004,0,0.0,1,0
191,1,aggro,3.4303999999999997,0,0.0,1,1
191,2,aggro,2.7884,0,0.0,1,0
191,3,aggro,2.9259999999999997,1,0.0,1,0
192,0,flexaggrod,3.1870000000000003,1,0.0,3,0
192,1,aggro,2.4304000000000006,0,0.0,3,0
192,2,aggro,3.3528000000000002,0,0.0,3,0
192,3,aggro,3.4004,0,0.0,3,1
193,0,flexaggrod,1.8184,0,0.0,3,0
193,1,aggro,2.5749999999999997,0,0.0,3,0
193,2,aggro,1.6226,1,0.0,3,0
193,3,aggro,2.8096,0,0.0,3,1
194,0,flexaggrod,2.3722000000000003,0,0.0,2,0
194,1,aggro,3.314,0,0.0,2,0
194,2,aggro,3.0900000000000003,1,0.0,2,1
194,3,aggro,3.0706000000000007,0,0.0,2,0
195,0,flexaggrod,2.5944,0,0.0,2,0
195,1,aggro,3.5856,1,0.0,2,0
195,2,aggro,2.1976,0,0.0,2,1
195,3,aggro,2.1958,0,0.0,2,0
196,0,flexaggrod,1.4991999999999999,1,0.0,3,0
196,1,aggro,2.314,0,0.0,3,0
196,2,aggro,3.3422000000000005,0,0.0,3,0
196,3,aggro,1.7796,0,0.0,3,1
197,0,flexaggrod,2.3616,0,0.0,3,0
197,1,aggro,2.6332,0,0.0,3,0
197,2,aggro,1.7972000000000004,1,0.0,3,0
197,3,aggro,2.1376,0,0.0,3,1
198,0,flexaggrod,2.1376,1,0.0,0,1
198,1,aggro,2.3722000000000003,0,0.0,0,0
198,2,aggro,2.8678,0,0.0,0,0
198,3,aggro,2.9930000000000003,0,0.0,0,0
199,0,flexaggrod,2.2734,0,1.0,0,1
199,1,aggro,3.6138,0,-3.0,0,0
199,2,aggro,2.7108,0,1.0,0,0
199,3,aggro,1.8766,1,1.0,0,0
200,0,flexaggrod,2.769,0,0.0,2,0
200,1,aggro,3.4497999999999998,1,0.0,2,0
200,2,aggro,2.0018000000000002,0,0.0,2,1
200,3,aggro,2.6332,0,0.0,2,0
201,0,flexaggrod,2.157,0,0.0,3,0
201,1,aggro,3.2646,1,0.0,3,0
201,2,aggro,1.9154000000000002,0,0.0,3,0
201,3,aggro,2.6332,0,0.0,3,1
202,0,flexaggrod,4.2452,0,1.0,3,0
202,1,aggro,3.0706000000000007,0,-3.0,3,0
202,2,aggro,1.8378,1,1.0,3,0
202,3,aggro,2.3722000000000003,0,1.0,3,1
203,0,flexaggrod,1.8572000000000002,1,0.0,0,1
203,1,aggro,2.3616,0,0.0,0,0
203,2,aggro,2.7602,0,0.0,0,0
203,3,aggro,1.963,0,0.0,0,0
204,0,flexaggrod,2.9542000000000006,0,0.0,0,1
204,1,aggro,1.2839999999999998,0,0.0,0,0
204,2,aggro,3.4198,0,0.0,0,0
204,3,aggro,2.5556,1,0.0,0,0
205,0,flexaggrod,3.5944000000000003,0,0.0,1,0
205,1,aggro,3.4392,1,0.0,1,1
205,2,aggro,4.3034,0,0.0,1,0
205,3,aggro,1.866,0,0.0,1,0
206,0,flexaggrod,2.829,0,0.0,3,0
206,1,aggro,3.1482,1,0.0,3,0
206,2,aggro,2.8078,0,0.0,3,0
206,3,aggro,2.314,0,0.0,3,1
207,0,flexaggrod,2.2734,0,0.0,2,0
207,1,aggro,3.1870000000000003,0,0.0,2,0
207,2,aggro,1.4585999999999997,1,0.0,2,1
207,3,aggro,1.5379999999999998,0,0.0,2,0
208,0,flexaggrod,1.8572000000000002,1,0.0,1,0
208,1,aggro,3.4692,0,0.0,1,1
208,2,aggro,2.8096,0,0.0,1,0
208,3,aggro,3.2064000000000004,0,0.0,1,0
209,0,flexaggrod,2.6138,0,0.0,3,0
209,1,aggro,1.7602,0,0.0,3,0
209,2,aggro,1.9736,0,0.0,3,0
209,3,aggro,2.2064,1,0.0,3,1
210,0,flexaggrod,2.3034,1,0.0,2,0
210,1,aggro,2.3122000000000003,0,0.0,2,0
210,2,aggro,1.7584000000000002,0,0.0,2,1
210,3,aggro,2.3422,0,0.0,2,0
211,0,flexaggrod,2.4304000000000006,0,0.0,3,0
211,1,aggro,2.5556,0,0.0,3,0
211,2,aggro,2.8871999999999995,1,0.0,3,0
211,3,aggro,2.06,0,0.0,3,1
212,0,flexaggrod,2.1958,0,0.0,0,1
212,1,aggro,2.4586,1,0.0,0,0
212,2,aggro,2.6526,0,0.0,0,0
212,3,aggro,2.6332,0,0.0,0,0
213,0,flexaggrod,2.8096,0,0.0,1,0
213,1,aggro,1.4691999999999998,0,0.0,1,1
213,2,aggro,2.6332,1,0.0,1,0
213,3,aggro,4.380999999999999,0,0.0,1,0
214,0,flexaggrod,3.0318000000000005,0,0.0,2,0
214,1,aggro,2.3810000000000002,0,0.0,2,0
214,2,aggro,2.2946000000000004,0,0.0,2,1
214,3,aggro,2.5168000000000004,0,0.0,2,0
215,0,flexaggrod,3.2840000000000003,1,0.0,1,0
215,1,aggro,0.9329999999999998,0,0.0,1,1
215,2,aggro,3.5556,0,0.0,1,0
215,3,aggro,2.4004000000000003,0,0.0,1,0
216,0,flexaggrod,3.2258,1,0.0,0,1
216,1,aggro,3.2840000000000003,0,0.0,0,0
216,2,aggro,2.6719999999999997,0,0.0,0,0
216,3,aggro,1.8360000000000003,0,0.0,0,0
217,0,flexaggrod,2.4498,0,0.0,3,0
217,1,aggro,2.7302,0,0.0,3,0
217,2,aggro,3.5556,0,0.0,3,0
217,3,aggro,1.702,1,0.0,3,1
218,0,flexaggrod,2.4692000000000003,0,0.0,2,0
218,1,aggro,2.8484,0,0.0,2,0
218,2,aggro,1.9154000000000002,1,0.0,2,1
218,3,aggro,2.4110000000000005,0,0.0,2,0
219,0,flexaggrod,2.1376,1,0.0,3,0
219,1,aggro,3.1676,0,0.0,3,0
219,2,aggro,2.314,0,0.0,3,0
219,3,aggro,2.2064,0,0.0,3,1
220,0,flexaggrod,2.4692000000000003,1,0.0,1,0
220,1,aggro,1.8360000000000003,0,0.0,1,1
220,2,aggro,1.9736,0,0.0,1,0
220,3,aggro,2.4004000000000003,0,0.0,1,0
221,0,flexaggrod,2.4110000000000005,0,0.0,2,0
221,1,aggro,3.5556,0,0.0,2,0
221,2,aggro,1.4603999999999997,1,0.0,2,1
221,3,aggro,2.4392,0,0.0,2,0
222,0,flexaggrod,1.7972000000000004,0,0.0,1,0
222,1,aggro,2.6914,0,0.0,1,1
222,2,aggro,2.3722000000000003,0,0.0,1,0
222,3,aggro,2.157,1,0.0,1,0
223,0,flexaggrod,2.2558000000000002,0,0.0,2,0
223,1,aggro,1.5943999999999998,1,0.0,2,0
223,2,aggro,3.5168,0,0.0,2,1
223,3,aggro,2.4692000000000003,0,0.0,2,0
224,0,flexaggrod,1.4973999999999998,0,1.0,0,1
224,1,aggro,4.4004,0,-3.0,0,0
224,2,aggro,2.5274,0,1.0,0,0
224,3,aggro,2.4498,1,1.0,0,0
225,0,flexaggrod,1.8272000000000004,0,0.0,1,0
225,1,aggro,1.5079999999999998,0,0.0,1,1
225,2,aggro,1.8766,1,0.0,1,0
225,3,aggro,2.3528000000000002,0,0.0,1,0
226,0,flexaggrod,3.0900000000000003,1,0.0,2,0
226,1,aggro,3.6332,0,0.0,2,0
226,2,aggro,2.3334,0,0.0,2,1
226,3,aggro,2.8378,0,0.0,2,0
227,0,flexaggrod,2.4392,0,0.0,0,1
227,1,aggro,4.380999999999999,1,0.0,0,0
227,2,aggro,3.6632,0,0.0,0,0
227,3,aggro,2.7302,0,0.0,0,0
228,0,flexaggrod,1.7214,1,0.0,2,0
228,1,aggro,3.0318000000000005,0,0.0,2,0
228,2,aggro,2.3334,0,0.0,2,1
228,3,aggro,2.2946000000000004,0,0.0,2,0
229,0,flexaggrod,2.1782,0,0.0,1,0
229,1,aggro,2.4198,1,0.0,1,1
229,2,aggro,3.2258,0,0.0,1,0
229,3,aggro,3.0900000000000003,0,0.0,1,0
230,0,flexaggrod,1.5273999999999999,0,0.0,0,1
230,1,aggro,2.829,0,0.0,0,0
230,2,aggro,3.1676,1,0.0,0,0
230,3,aggro,2.3334,0,0.0,0,0
231,0,flexaggrod,2.5168000000000004,0,0.0,0,1
231,1,aggro,2.3228,1,0.0,0,0
231,2,aggro,2.6138,0,0.0,0,0
231,3,aggro,2.6526,0,0.0,0,0
232,0,flexaggrod,2.3510000000000004,0,0.0,3,0
232,1,aggro,1.6932,0,0.0,3,0
232,2,aggro,2.9154000000000004,1,0.0,3,0
232,3,aggro,2.7496,0,0.0,3,1
233,0,flexaggrod,2.3510000000000004,1,0.0,2,0
233,1,aggro,3.508,0,0.0,2,0
233,2,aggro,1.6632,0,0.0,2,1
233,3,aggro,1.4797999999999998,0,0.0,2,0
234,0,flexaggrod,2.4392,0,0.0,0,1
234,1,aggro,2.6138,1,0.0,0,0
234,2,aggro,3.1482,0,0.0,0,0
234,3,aggro,3.1094,0,0.0,0,0
235,0,flexaggrod,1.7778000000000003,1,0.0,3,0
235,1,aggro,2.3898,0,0.0,3,0
235,2,aggro,3.5662,0,0.0,3,0
235,3,aggro,1.5273999999999999,0,0.0,3,1
236,0,flexaggrod,2.7496,1,0.0,1,0
236,1,aggro,2.3810000000000002,0,0.0,1,1
236,2,aggro,2.8484,0,0.0,1,0
236,3,aggro,2.254,0,0.0,1,0
237,0,flexaggrod,2.1764,1,0.0,0,1
237,1,aggro,2.6332,0,0.0,0,0
237,2,aggro,1.8766,0,0.0,0,0
237,3,aggro,2.6138,0,0.0,0,0
238,0,flexaggrod,3.1676,0,0.0,3,0
238,1,aggro,2.7496,1,0.0,3,0
238,2,aggro,3.1094,0,0.0,3,0
238,3,aggro,1.7602,0,0.0,3,1
239,0,flexaggrod,3.1482,1,0.0,3,0
239,1,aggro,4.1676,0,0.0,3,0
239,2,aggro,1.6243999999999998,0,0.0,3,0
239,3,aggro,1.0124,0,0.0,3,1
240,0,flexaggrod,2.5556,0,0.0,1,0
240,1,aggro,2.1958,0,0.0,1,1
240,2,aggro,2.3810000000000002,1,0.0,1,0
240,3,aggro,2.2152000000000003,0,0.0,1,0
241,0,flexaggrod,2.3916000000000004,0,0.0,2,0
241,1,aggro,3.1870000000000003,0,0.0,2,0
241,2,aggro,2.6332,0,0.0,2,1
241,3,aggro,3.2064000000000004,1,0.0,2,0
242,0,flexaggrod,2.7108,1,0.0,2,0
242,1,aggro,2.6332,0,0.0,2,0
242,2,aggro,2.6332,0,0.0,2,1
242,3,aggro,2.8484,0,0.0,2,0
243,0,flexaggrod,4.284,0,0.0,2,0
243,1,aggro,2.5362,0,0.0,2,0
243,2,aggro,3.381,0,0.0,2,1
243,3,aggro,2.478,1,0.0,2,0
244,0,flexaggrod,1.8572000000000002,0,0.0,3,0
244,1,aggro,1.8378,1,0.0,3,0
244,2,aggro,3.4586,0,0.0,3,0
244,3,aggro,1.7778000000000003,0,0.0,3,1
245,0,flexaggrod,2.7514,0,0.0,3,0
245,1,aggro,1.9542,1,0.0,3,0
245,2,aggro,2.2558000000000002,0,0.0,3,0
245,3,aggro,2.1764,0,0.0,3,1
246,0,flexaggrod,4.2452,0,0.0,3,0
246,1,aggro,4.3228,0,0.0,3,0
246,2,aggro,2.6332,1,0.0,3,0
246,3,aggro,3.4586,0,0.0,3,1
247,0,flexaggrod,2.2946000000000004,0,0.0,2,0
247,1,aggro,1.8572000000000002,0,0.0,2,0
247,2,aggro,2.8484,0,0.0,2,1
247,3,aggro,1.9348,1,0.0,2,0
248,0,flexaggrod,1.9242,0,0.0,1,0
248,1,aggro,2.9736,0,0.0,1,1
248,2,aggro,2.4498,1,0.0,1,0
248,3,aggro,2.5749999999999997,0,0.0,1,0
249,0,flexaggrod,3.6244,0,0.0,0,1
249,1,aggro,1.8766,0,0.0,0,0
249,2,aggro,3.0124,1,0.0,0,0
249,3,aggro,1.8466,0,0.0,0,0
250,0,flexaggrod,3.575,0,0.0,3,0
250,1,aggro,3.1288,0,0.0,3,0
250,2,aggro,2.7496,0,0.0,3,0
250,3,aggro,2.217,1,0.0,3,1
251,0,flexaggrod,2.7990000000000004,0,0.0,1,0
251,1,aggro,2.3316000000000003,1,0.0,1,1
251,2,aggro,3.4886,0,0.0,1,0
251,3,aggro,3.2258,0,0.0,1,0
252,0,flexaggrod,2.7108,1,0.0,3,0
252,1,aggro,2.0018000000000002,0,0.0,3,0
252,2,aggro,2.7496,0,0.0,3,0
252,3,aggro,3.1094,0,0.0,3,1
253,0,flexaggrod,2.8854,0,0.0,1,0
253,1,aggro,1.7302,0,0.0,1,1
253,2,aggro,3.5168,1,0.0,1,0
253,3,aggro,2.4392,0,0.0,1,0
254,0,flexaggrod,4.3228,0,0.0,0,1
254,1,aggro,2.5468000000000006,1,0.0,0,0
254,2,aggro,3.2258,0,0.0,0,0
254,3,aggro,2.0318,0,0.0,0,0
255,0,flexaggrod,2.8678,1,0.0,0,1
255,1,aggro,2.6914,0,0.0,0,0
255,2,aggro,3.1676,0,0.0,0,0
255,3,aggro,3.0900000000000003,0,0.0,0,0
256,0,flexaggrod,3.5467999999999997,0,0.0,0,1
256,1,aggro,2.9048000000000003,0,0.0,0,0
256,2,aggro,2.314,0,0.0,0,0
256,3,aggro,1.4567999999999999,1,0.0,0,0
257,0,flexaggrod,3.5273999999999996,0,0.0,2,0
257,1,aggro,3.6632,0,0.0,2,0
257,2,aggro,2.5556,0,0.0,2,1
257,3,aggro,3.1870000000000003,1,0.0,2,0
258,0,flexaggrod,3.0900000000000003,0,0.0,1,0
258,1,aggro,2.5168000000000004,0,0.0,1,1
258,2,aggro,2.3228,0,0.0,1,0
258,3,aggro,2.3898,1,0.0,1,0
259,0,flexaggrod,2.9930000000000003,0,0.0,2,0
259,1,aggro,1.3616000000000001,0,0.0,2,0
259,2,aggro,2.6719999999999997,0,0.0,2,1
259,3,aggro,2.6914,0,0.0,2,0
260,0,flexaggrod,2.4692000000000003,0,0.0,1,0
260,1,aggro,2.1764,1,0.0,1,1
260,2,aggro,2.6332,0,0.0,1,0
260,3,aggro,1.6243999999999998,0,0.0,1,0
261,0,flexaggrod,2.6719999999999997,0,0.0,3,0
261,1,aggro,2.4498,1,0.0,3,0
261,2,aggro,1.6526,0,0.0,3,0
261,3,aggro,3.0124,1,0.0,3,1
262,0,flexaggrod,2.3316000000000003,0,0.0,3,0
262,1,aggro,2.4004000000000003,1,0.0,3,0
262,2,aggro,3.0900000000000003,0,0.0,3,0
262,3,aggro,1.933,0,0.0,3,1
263,0,flexaggrod,2.0794,0,0.0,3,0
263,1,aggro,2.3722000000000003,0,0.0,3,0
263,2,aggro,3.2064000000000004,0,0.0,3,0
263,3,aggro,1.9524000000000001,1,0.0,3,1
264,0,flexaggrod,2.8184,1,0.0,1,0
264,1,aggro,2.3034,0,0.0,1,1
264,2,aggro,2.7496,0,0.0,1,0
264,3,aggro,2.478,0,0.0,1,0
265,0,flexaggrod,3.1094,0,0.0,0,1
265,1,aggro,4.1676,0,0.0,0,0
265,2,aggro,2.4004000000000003,0,0.0,0,0
265,3,aggro,3.1094,1,0.0,0,0
266,0,flexaggrod,2.3034,0,0.0,2,0
266,1,aggro,3.1482,0,0.0,2,0
266,2,aggro,3.4286,1,0.0,2,1
266,3,aggro,4.2452,0,0.0,2,0
267,0,flexaggrod,4.2258,1,0.0,0,1
267,1,aggro,2.157,0,0.0,0,0
267,2,aggro,4.1094,0,0.0,0,0
267,3,aggro,2.8078,0,0.0,0,0
268,0,flexaggrod,2.769,0,0.0,3,0
268,1,aggro,3.5273999999999996,0,0.0,3,0
268,2,aggro,2.4198,0,0.0,3,0
268,3,aggro,3.1482,0,0.0,3,1
269,0,flexaggrod,2.6138,1,0.0,3,0
269,1,aggro,1.0124,0,0.0,3,0
269,2,aggro,3.1676,0,0.0,3,0
269,3,aggro,3.0900000000000003,0,0.0,3,1
270,0,flexaggrod,2.3122000000000003,1,0.0,3,0
270,1,aggro,2.8078,0,0.0,3,0
270,2,aggro,3.575,0,0.0,3,0
270,3,aggro,1.6243999999999998,0,0.0,3,1
271,0,flexaggrod,2.314,0,0.0,1,0
271,1,aggro,2.2064,0,0.0,1,1
271,2,aggro,3.4886,1,0.0,1,0
271,3,aggro,2.1764,0,0.0,1,0
272,0,flexaggrod,3.4286,0,0.0,0,1
272,1,aggro,2.5080000000000005,1,0.0,0,0
272,2,aggro,4.2646,0,0.0,0,0
272,3,aggro,2.9259999999999997,0,0.0,0,0
273,0,flexaggrod,1.7602,1,1.0,0,1
273,1,aggro,4.2646,0,-3.0,0,0
273,2,aggro,2.254,0,1.0,0,0
273,3,aggro,2.8766,0,1.0,0,0
274,0,flexaggrod,2.4974,1,0.0,3,0
274,1,aggro,3.4886,0,0.0,3,0
274,2,aggro,2.3916000000000004,0,0.0,3,0
274,3,aggro,2.4110000000000005,0,0.0,3,1
275,0,flexaggrod,2.4198,0,0.0,3,0
275,1,aggro,2.6332,1,0.0,3,0
275,2,aggro,3.2452,0,0.0,3,0
275,3,aggro,1.6156,0,0.0,3,1
276,0,flexaggrod,1.7972000000000004,1,0.0,1,0
276,1,aggro,2.8096,0,0.0,1,1
276,2,aggro,2.4974,0,0.0,1,0
276,3,aggro,4.2452,0,0.0,1,0
277,0,flexaggrod,2.7602,1,0.0,0,1
277,1,aggro,2.3528000000000002,0,0.0,0,0
277,2,aggro,1.9542,0,0.0,0,0
277,3,aggro,2.3704000000000005,0,0.0,0,0
278,0,flexaggrod,2.5362,0,0.0,3,0
278,1,aggro,3.1482,0,0.0,3,0
278,2,aggro,2.3422,1,0.0,3,0
278,3,aggro,2.4110000000000005,0,0.0,3,1
279,0,flexaggrod,2.3228,0,0.0,2,0
279,1,aggro,2.1764,0,0.0,2,0
279,2,aggro,3.1288,0,0.0,2,1
279,3,aggro,2.8078,1,0.0,2,0
280,0,flexaggrod,2.2346000000000004,0,0.0,2,0
280,1,aggro,1.605,1,0.0,2,0
280,2,aggro,1.6420000000000001,0,0.0,2,1
280,3,aggro,2.7108,0,0.0,2,0
281,0,flexaggrod,2.2346000000000004,1,0.0,1,0
281,1,aggro,2.2646,0,0.0,1,1
281,2,aggro,3.5856,0,0.0,1,0
281,3,aggro,2.3034,0,0.0,1,0
282,0,flexaggrod,3.1870000000000003,0,0.0,2,0
282,1,aggro,3.769,0,0.0,2,0
282,2,aggro,2.6526,0,0.0,2,1
282,3,aggro,2.1782,1,0.0,2,0
283,0,flexaggrod,2.6526,0,0.0,0,1
283,1,aggro,3.0512,0,0.0,0,0
283,2,aggro,2.3316000000000003,0,0.0,0,0
283,3,aggro,2.3122000000000003,1,0.0,0,0
284,0,flexaggrod,2.5362,1,0.0,0,1
284,1,aggro,1.1782,0,0.0,0,0
284,2,aggro,2.4974,0,0.0,0,0
284,3,aggro,2.4110000000000005,0,0.0,0,0
285,0,flexaggrod,3.6138,0,0.0,1,0
285,1,aggro,3.3916,0,0.0,1,1
285,2,aggro,1.4497999999999998,1,0.0,1,0
285,3,aggro,3.2064000000000004,0,0.0,1,0
286,0,flexaggrod,4.1482,0,0.0,0,1
286,1,aggro,3.5168,0,0.0,0,0
286,2,aggro,2.9348,1,0.0,0,0
286,3,aggro,3.5273999999999996,0,0.0,0,0
287,0,flexaggrod,1.9824000000000002,0,0.0,2,0
287,1,aggro,2.4110000000000005,1,0.0,2,0
287,2,aggro,2.3034,0,0.0,2,1
287,3,aggro,3.1482,0,0.0,2,0
288,0,flexaggrod,3.1870000000000003,0,0.0,0,1
288,1,aggro,2.0318,1,0.0,0,0
288,2,aggro,3.1288,0,0.0,0,0
288,3,aggro,3.1676,0,0.0,0,0
289,0,flexaggrod,3.1482,0,0.0,3,0
289,1,aggro,1.8378,1,0.0,3,0
289,2,aggro,2.6719999999999997,0,0.0,3,0
289,3,aggro,1.799,0,0.0,3,1
290,0,flexaggrod,3.2064000000000004,0,0.0,2,0
290,1,aggro,2.2752000000000003,0,0.0,2,0
290,2,aggro,3.3228000000000004,1,0.0,2,1
290,3,aggro,2.769,0,0.0,2,0
291,0,flexaggrod,2.829,0,0.0,2,0
291,1,aggro,2.769,0,0.0,2,0
291,2,aggro,3.0318000000000005,0,0.0,2,1
291,3,aggro,2.3528000000000002,1,0.0,2,0
292,0,flexaggrod,2.6526,1,0.0,1,0
292,1,aggro,2.2946000000000004,0,0.0,1,1
292,2,aggro,2.2346000000000004,0,0.0,1,0
292,3,aggro,2.2346000000000004,0,0.0,1,0
293,0,flexaggrod,4.2646,0,0.0,1,0
293,1,aggro,2.4110000000000005,0,0.0,1,1
293,2,aggro,1.8960000000000001,0,0.0,1,0
293,3,aggro,3.0900000000000003,1,0.0,1,0
294,0,flexaggrod,3.5273999999999996,0,0.0,2,0
294,1,aggro,1.5556,1,0.0,2,0
294,2,aggro,2.2946000000000004,0,0.0,2,1
294,3,aggro,2.9736,0,0.0,2,0
295,0,flexaggrod,2.4198,0,0.0,3,0
295,1,aggro,1.5362,0,0.0,3,0
295,2,aggro,2.4304000000000006,1,0.0,3,0
295,3,aggro,0.5449999999999999,0,0.0,3,1
296,0,flexaggrod,2.217,1,0.0,0,1
296,1,aggro,3.0706000000000007,0,0.0,0,0
296,2,aggro,1.9524000000000001,0,0.0,0,0
296,3,aggro,2.3316000000000003,0,0.0,0,0
297,0,flexaggrod,1.7602,0,0.0,1,0
297,1,aggro,2.0987999999999998,1,0.0,1,1
297,2,aggro,2.7884,0,0.0,1,0
297,3,aggro,2.2364,0,0.0,1,0
298,0,flexaggrod,2.769,0,0.0,2,0
298,1,aggro,4.2258,1,0.0,2,0
298,2,aggro,1.254,0,0.0,2,1
298,3,aggro,3.1870000000000003,0,0.0,2,0
299,0,flexaggrod,3.1482,1,0.0,3,0
299,1,aggro,3.2646,0,0.0,3,0
299,2,aggro,2.314,0,0.0,3,0
299,3,aggro,4.2064,0,0.0,3,1
300,0,flexaggrod,3.1288,0,0.0,0,1
300,1,aggro,1.6932,0,0.0,0,0
300,2,aggro,1.866,0,0.0,0,0
300,3,aggro,3.2452,0,0.0,0,0
301,0,flexaggrod,2.4004000000000003,0,0.0,2,0
301,1,aggro,2.3122000000000003,1,0.0,2,0
301,2,aggro,2.2152000000000003,0,0.0,2,1
301,3,aggro,3.7796,0,0.0,2,0
302,0,flexaggrod,3.575,0,0.0,2,0
302,1,aggro,2.769,1,0.0,2,0
302,2,aggro,2.3722000000000003,0,0.0,2,1
302,3,aggro,3.0706000000000007,0,0.0,2,0
303,0,flexaggrod,2.2752000000000003,0,0.0,0,1
303,1,aggro,2.1764,1,0.0,0,0
303,2,aggro,2.3722000000000003,0,0.0,0,0
303,3,aggro,2.8571999999999997,0,0.0,0,0
304,0,flexaggrod,3.478,1,0.0,3,0
304,1,aggro,3.4974,0,0.0,3,0
304,2,aggro,3.4392,0,0.0,3,0
304,3,aggro,1.5467999999999997,0,0.0,3,1
305,0,flexaggrod,2.7302,1,0.0,2,0
305,1,aggro,2.6719999999999997,0,0.0,2,0
305,2,aggro,2.0406,0,0.0,2,1
305,3,aggro,2.4304000000000006,0,0.0,2,0
306,0,flexaggrod,3.1288,0,0.0,3,0
306,1,aggro,2.8659999999999997,0,0.0,3,0
306,2,aggro,2.4498,1,0.0,3,0
306,3,aggro,1.4092,1,0.0,3,1
307,0,flexaggrod,4.4004,0,0.0,0,1
307,1,aggro,2.4198,0,0.0,0,0
307,2,aggro,2.6138,0,0.0,0,0
307,3,aggro,3.0124,1,0.0,0,0
308,0,flexaggrod,3.4497999999999998,0,0.0,0,1
308,1,aggro,2.2752000000000003,0,0.0,0,0
308,2,aggro,2.3916000000000004,0,0.0,0,0
308,3,aggro,3.3916,1,0.0,0,0
309,0,flexaggrod,1.5574,0,0.0,2,0
309,1,aggro,3.5362,0,0.0,2,0
309,2,aggro,1.5661999999999998,0,0.0,2,1
309,3,aggro,2.6719999999999997,1,0.0,2,0
310,0,flexaggrod,2.6719999999999997,0,0.0,2,0
310,1,aggro,3.1482,1,0.0,2,0
310,2,aggro,2.6719999999999997,0,0.0,2,1
310,3,aggro,2.3616,0,0.0,2,0
311,0,flexaggrod,2.4304000000000006,0,0.0,1,0
311,1,aggro,2.9736,0,0.0,1,1
311,2,aggro,2.4886000000000004,1,0.0,1,0
311,3,aggro,3.2646,0,0.0,1,0
312,0,flexaggrod,3.4886,1,0.0,0,1
312,1,aggro,3.3810000000000002,0,0.0,0,0
312,2,aggro,2.8078,0,0.0,0,0
312,3,aggro,2.3228,0,0.0,0,0
313,0,flexaggrod,4.3228,1,0.0,3,0
313,1,aggro,3.4092,0,0.0,3,0
313,2,aggro,3.4109999999999996,0,0.0,3,0
313,3,aggro,3.0706000000000007,0,0.0,3,1
314,0,flexaggrod,2.3228,0,0.0,0,1
314,1,aggro,1.739,0,0.0,0,0
314,2,aggro,2.9930000000000003,0,0.0,0,0
314,3,aggro,3.0900000000000003,1,0.0,0,0
315,0,flexaggrod,2.2346000000000004,0,0.0,2,0
315,1,aggro,3.6526,0,0.0,2,0
315,2,aggro,2.3916000000000004,0,0.0,2,1
315,3,aggro,3.5273999999999996,1,0.0,2,0
316,0,flexaggrod,4.3616,1,0.0,3,0
316,1,aggro,3.1288,0,0.0,3,0
316,2,aggro,2.3334,0,0.0,3,0
316,3,aggro,3.0706000000000007,0,0.0,3,1
317,0,flexaggrod,2.2152000000000003,0,0.0,0,1
317,1,aggro,2.2064,1,0.0,0,0
317,2,aggro,2.3616,0,0.0,0,0
317,3,aggro,4.4004,0,0.0,0,0
318,0,flexaggrod,2.8571999999999997,0,0.0,1,0
318,1,aggro,2.3916000000000004,0,0.0,1,1
318,2,aggro,2.0124,1,0.0,1,0
318,3,aggro,3.2258,0,0.0,1,0
319,0,flexaggrod,-0.43199999999999994,0,0.0,3,0
319,1,aggro,2.6526,0,0.0,3,0
319,2,aggro,2.2364,0,0.0,3,0
319,3,aggro,2.187,1,0.0,3,1
320,0,flexaggrod,3.6226,0,0.0,3,0
320,1,aggro,3.2258,1,0.0,3,0
320,2,aggro,2.6138,0,0.0,3,0
320,3,aggro,2.2558000000000002,0,0.0,3,1
321,0,flexaggrod,1.605,0,0.0,2,0
321,1,aggro,2.2152000000000003,0,0.0,2,0
321,2,aggro,2.1182,1,0.0,2,1
321,3,aggro,3.2452,0,0.0,2,0
322,0,flexaggrod,2.4498,0,0.0,3,0
322,1,aggro,3.1094,0,0.0,3,0
322,2,aggro,4.3228,1,0.0,3,0
322,3,aggro,2.4585999999999997,0,0.0,3,1
323,0,flexaggrod,2.6719999999999997,1,0.0,2,0
323,1,aggro,2.3316000000000003,0,0.0,2,0
323,2,aggro,3.4004,0,0.0,2,1
323,3,aggro,3.2452,0,0.0,2,0
324,0,flexaggrod,4.2064,0,0.0,0,1
324,1,aggro,2.3422,0,0.0,0,0
324,2,aggro,3.2258,0,0.0,0,0
324,3,aggro,2.3034,1,0.0,0,0
325,0,flexaggrod,2.8465999999999996,0,0.0,2,0
325,1,aggro,2.4392,1,0.0,2,0
325,2,aggro,2.4886000000000004,0,0.0,2,1
325,3,aggro,3.1676,0,0.0,2,0
326,0,flexaggrod,3.5168,0,0.0,1,0
326,1,aggro,2.3122000000000003,0,0.0,1,1
326,2,aggro,2.254,1,0.0,1,0
326,3,aggro,3.4497999999999998,0,0.0,1,0
327,0,flexaggrod,2.1976,0,0.0,0,1
327,1,aggro,1.4779999999999998,0,0.0,0,0
327,2,aggro,3.381,1,0.0,0,0
327,3,aggro,2.6914,0,0.0,0,0
328,0,flexaggrod,3.1870000000000003,0,0.0,0,1
328,1,aggro,2.7884,0,0.0,0,0
328,2,aggro,3.3422000000000005,0,0.0,0,0
328,3,aggro,3.6826,1,0.0,0,0
329,0,flexaggrod,1.4392,0,0.0,1,0
329,1,aggro,2.5362,0,0.0,1,1
329,2,aggro,2.7496,1,0.0,1,0
329,3,aggro,2.6526,0,0.0,1,0
330,0,flexaggrod,3.2645999999999997,0,0.0,1,0
330,1,aggro,3.4497999999999998,0,0.0,1,1
330,2,aggro,2.1958,0,0.0,1,0
330,3,aggro,2.6526,1,0.0,1,0
331,0,flexaggrod,1.6614000000000002,0,0.0,1,0
331,1,aggro,2.6526,0,0.0,1,1
331,2,aggro,2.3528000000000002,1,0.0,1,0
331,3,aggro,2.5362,0,0.0,1,0
332,0,flexaggrod,2.4692000000000003,0,0.0,2,0
332,1,aggro,3.4198,0,0.0,2,0
332,2,aggro,3.2064000000000004,0,0.0,2,1
332,3,aggro,2.5749999999999997,1,0.0,2,0
333,0,flexaggrod,1.866,0,0.0,2,0
333,1,aggro,1.0512,0,0.0,2,0
333,2,aggro,2.478,1,0.0,2,1
333,3,aggro,2.1764,0,0.0,2,0
334,0,flexaggrod,3.6826,0,0.0,1,0
334,1,aggro,1.7002000000000002,1,0.0,1,1
334,2,aggro,2.2558000000000002,0,0.0,1,0
334,3,aggro,3.4692,0,0.0,1,0
335,0,flexaggrod,2.8272,0,0.0,2,0
335,1,aggro,2.3334,0,0.0,2,0
335,2,aggro,1.7884000000000002,1,0.0,2,1
335,3,aggro,3.2840000000000003,0,0.0,2,0
336,0,flexaggrod,2.2346000000000004,0,0.0,0,1
336,1,aggro,2.1376,1,0.0,0,0
336,2,aggro,3.1870000000000003,0,0.0,0,0
336,3,aggro,1.4991999999999999,0,0.0,0,0
337,0,flexaggrod,3.0512,0,0.0,1,0
337,1,aggro,1.5379999999999998,1,0.0,1,1
337,2,aggro,3.1288,0,0.0,1,0
337,3,aggro,4.3422,0,0.0,1,0
338,0,flexaggrod,3.0706000000000007,0,0.0,2,0
338,1,aggro,2.6526,0,0.0,2,0
338,2,aggro,1.2645999999999997,0,0.0,2,1
338,3,aggro,2.2928,1,0.0,2,0
339,0,flexaggrod,2.8078,0,0.0,2,0
339,1,aggro,3.702,0,0.0,2,0
339,2,aggro,2.3916000000000004,0,0.0,2,1
339,3,aggro,2.2346000000000004,1,0.0,2,0
340,0,flexaggrod,2.8078,0,0.0,3,0
340,1,aggro,3.1676,0,0.0,3,0
340,2,aggro,2.3334,0,0.0,3,0
340,3,aggro,2.5944,1,0.0,3,1
341,0,flexaggrod,2.6719999999999997,0,0.0,1,0
341,1,aggro,3.3034,0,0.0,1,1
341,2,aggro,2.7302,1,0.0,1,0
341,3,aggro,1.8378,0,0.0,1,0
342,0,flexaggrod,2.1958,0,0.0,0,1
342,1,aggro,1.9542,0,0.0,0,0
342,2,aggro,2.4110000000000005,0,0.0,0,0
342,3,aggro,3.5362,1,0.0,0,0
343,0,flexaggrod,3.575,0,0.0,1,0
343,1,aggro,1.3809999999999998,1,0.0,1,1
343,2,aggro,1.6825999999999999,0,0.0,1,0
343,3,aggro,2.7584,0,0.0,1,0
344,0,flexaggrod,2.6526,0,0.0,1,0
344,1,aggro,2.1588,0,0.0,1,1
344,2,aggro,2.5362,1,0.0,1,0
344,3,aggro,3.0124,0,0.0,1,0
345,0,flexaggrod,1.8378,1,0.0,3,0
345,1,aggro,1.866,0,0.0,3,0
345,2,aggro,2.5749999999999997,0,0.0,3,0
345,3,aggro,3.3509999999999995,0,0.0,3,1
346,0,flexaggrod,2.5556,1,0.0,0,1
346,1,aggro,1.6543999999999999,0,0.0,0,0
346,2,aggro,2.4004000000000003,0,0.0,0,0
346,3,aggro,3.1288,0,0.0,0,0
347,0,flexaggrod,3.605,1,0.0,1,0
347,1,aggro,2.4198,0,0.0,1,1
347,2,aggro,2.6332,0,0.0,1,0
347,3,aggro,3.5273999999999996,0,0.0,1,0
348,0,flexaggrod,2.6138,0,0.0,3,0
348,1,aggro,2.6719999999999997,0,0.0,3,0
348,2,aggro,3.2064000000000004,0,0.0,3,0
348,3,aggro,1.7602,0,0.0,3,1
349,0,flexaggrod,3.2258,0,0.0,3,0
349,1,aggro,1.799,1,0.0,3,0
349,2,aggro,3.0900000000000003,0,0.0,3,0
349,3,aggro,2.0018000000000002,0,0.0,3,1
350,0,flexaggrod,2.3528000000000002,1,0.0,3,0
350,1,aggro,2.3722000000000003,0,0.0,3,0
350,2,aggro,2.6332,0,0.0,3,0
350,3,aggro,1.7796,0,0.0,3,1
351,0,flexaggrod,2.3316000000000003,0,0.0,2,0
351,1,aggro,1.8166000000000002,1,0.0,2,0
351,2,aggro,1.5574,0,0.0,2,1
351,3,aggro,1.448,0,0.0,2,0
352,0,flexaggrod,2.4110000000000005,0,0.0,2,0
352,1,aggro,2.6719999999999997,1,0.0,2,0
352,2,aggro,2.3810000000000002,0,0.0,2,1
352,3,aggro,2.7108,0,0.0,2,0
353,0,flexaggrod,3.1288,0,0.0,1,0
353,1,aggro,2.5168000000000004,1,0.0,1,1
353,2,aggro,1.7884000000000002,0,0.0,1,0
353,3,aggro,3.4974,0,0.0,1,0
354,0,flexaggrod,2.6332,1,0.0,2,0
354,1,aggro,3.2840000000000003,0,0.0,2,0
354,2,aggro,2.9348000000000005,0,0.0,2,1
354,3,aggro,2.7108,0,0.0,2,0
355,0,flexaggrod,2.6138,1,0.0,1,0
355,1,aggro,2.7214,0,0.0,1,1
355,2,aggro,2.6914,0,0.0,1,0
355,3,aggro,1.4779999999999998,0,0.0,1,0
356,0,flexaggrod,3.1870000000000003,0,0.0,2,0
356,1,aggro,1.8854000000000002,1,0.0,2,0
356,2,aggro,2.7108,0,0.0,2,1
356,3,aggro,3.702,0,0.0,2,0
357,0,flexaggrod,2.8766000000000003,1,0.0,1,0
357,1,aggro,3.4198,0,0.0,1,1
357,2,aggro,3.6808,0,0.0,1,0
357,3,aggro,3.3034000000000003,0,0.0,1,0
358,0,flexaggrod,2.3228,0,0.0,0,1
358,1,aggro,4.3616,1,0.0,0,0
358,2,aggro,3.1870000000000003,0,0.0,0,0
358,3,aggro,3.0124,0,0.0,0,0
359,0,flexaggrod,2.1376,0,0.0,0,1
359,1,aggro,2.3722000000000003,1,0.0,0,0
359,2,aggro,1.9348,1,0.0,0,0
359,3,aggro,2.4004000000000003,0,0.0,0,0
360,0,flexaggrod,2.2346000000000004,0,0.0,3,0
360,1,aggro,4.2646,1,0.0,3,0
360,2,aggro,2.3122000000000003,0,0.0,3,0
360,3,aggro,1.5767999999999998,0,0.0,3,1
361,0,flexaggrod,2.1376,0,0.0,0,1
361,1,aggro,1.1587999999999998,0,0.0,0,0
361,2,aggro,2.3528000000000002,1,0.0,0,0
361,3,aggro,2.4974,0,0.0,0,0
362,0,flexaggrod,3.6244,0,0.0,3,0
362,1,aggro,2.1675999999999997,0,0.0,3,0
362,2,aggro,1.7214,0,0.0,3,0
362,3,aggro,2.3528000000000002,1,0.0,3,1
363,0,flexaggrod,2.3422,0,1.0,0,1
363,1,aggro,2.3916000000000004,0,-3.0,0,0
363,2,aggro,2.5944,1,1.0,0,0
363,3,aggro,2.2258,0,1.0,0,0
364,0,flexaggrod,3.4303999999999997,0,0.0,1,0
364,1,aggro,1.8572000000000002,0,0.0,1,1
364,2,aggro,2.0124,1,0.0,1,0
364,3,aggro,2.6138,0,0.0,1,0
365,0,flexaggrod,2.5468000000000006,1,0.0,2,0
365,1,aggro,2.4586,0,0.0,2,0
365,2,aggro,2.5556,0,0.0,2,1
365,3,aggro,2.7302,0,0.0,2,0
366,0,flexaggrod,2.7496,0,0.0,1,0
366,1,aggro,1.6632,0,0.0,1,1
366,2,aggro,2.7302,0,0.0,1,0
366,3,aggro,3.575,1,0.0,1,0
367,0,flexaggrod,1.8766,0,0.0,3,0
367,1,aggro,2.254,1,0.0,3,0
367,2,aggro,1.4409999999999998,0,0.0,3,0
367,3,aggro,1.7496,0,0.0,3,1
368,0,flexaggrod,2.0987999999999998,0,0.0,0,1
368,1,aggro,2.866,0,0.0,0,0
368,2,aggro,2.6526,1,0.0,0,0
368,3,aggro,2.5556,0,0.0,0,0
369,0,flexaggrod,2.4480000000000004,0,0.0,1,0
369,1,aggro,3.4673999999999996,0,0.0,1,1
369,2,aggro,2.0124,0,0.0,1,0
369,3,aggro,2.3616,1,0.0,1,0
370,0,flexaggrod,1.06,0,0.0,3,0
370,1,aggro,2.1764,0,0.0,3,0
370,2,aggro,2.3616,1,0.0,3,0
370,3,aggro,3.1094,0,0.0,3,1
371,0,flexaggrod,2.6526,0,0.0,1,0
371,1,aggro,3.2064000000000004,0,0.0,1,1
371,2,aggro,2.7496,0,0.0,1,0
371,3,aggro,4.3228,1,0.0,1,0
372,0,flexaggrod,2.3228,1,0.0,0,1
372,1,aggro,2.3334,0,0.0,0,0
372,2,aggro,2.7990000000000004,0,0.0,0,0
372,3,aggro,2.7496,0,0.0,0,0
373,0,flexaggrod,2.2646,1,-3.0,0,1
373,1,aggro,3.1482,0,1.0,0,0
373,2,aggro,3.1288,0,1.0,0,0
373,3,aggro,2.4974,0,1.0,0,0
374,0,flexaggrod,2.8766,1,0.0,3,0
374,1,aggro,2.4586,0,0.0,3,0
374,2,aggro,3.5856,0,0.0,3,0
374,3,aggro,2.1764,0,0.0,3,1
375,0,flexaggrod,3.5556,1,0.0,2,0
375,1,aggro,1.8766,0,0.0,2,0
375,2,aggro,3.0706000000000007,0,0.0,2,1
375,3,aggro,3.575,0,0.0,2,0
376,0,flexaggrod,3.1676,0,0.0,2,0
376,1,aggro,2.3916000000000004,0,0.0,2,0
376,2,aggro,2.5556,0,0.0,2,1
376,3,aggro,1.7778000000000003,1,0.0,2,0
377,0,flexaggrod,1.4497999999999998,0,0.0,0,1
377,1,aggro,3.5556,0,0.0,0,0
377,2,aggro,3.1482,1,0.0,0,0
377,3,aggro,2.3722000000000003,0,0.0,0,0
378,0,flexaggrod,3.1094,0,0.0,1,0
378,1,aggro,2.9154000000000004,0,0.0,1,1
378,2,aggro,3.3916,0,0.0,1,0
378,3,aggro,3.2258,1,0.0,1,0
379,0,flexaggrod,2.9065999999999996,0,0.0,2,0
379,1,aggro,3.4109999999999996,1,0.0,2,0
379,2,aggro,2.6526,0,0.0,2,1
379,3,aggro,2.6332,0,0.0,2,0
380,0,flexaggrod,3.1870000000000003,1,1.0,1,0
380,1,aggro,2.5168000000000004,0,-3.0,1,1
380,2,aggro,2.3722000000000003,0,1.0,1,0
380,3,aggro,2.314,0,1.0,1,0
381,0,flexaggrod,1.7002000000000002,0,0.0,2,0
381,1,aggro,2.5080000000000005,0,0.0,2,0
381,2,aggro,2.4974,0,0.0,2,1
381,3,aggro,2.9542000000000006,1,0.0,2,0
382,0,flexaggrod,2.4392,1,0.0,3,0
382,1,aggro,3.1870000000000003,0,0.0,3,0
382,2,aggro,2.0406,0,0.0,3,0
382,3,aggro,3.3722,0,0.0,3,1
383,0,flexaggrod,2.7796000000000003,1,0.0,1,0
383,1,aggro,2.3034,0,0.0,1,1
383,2,aggro,1.5961999999999998,0,0.0,1,0
383,3,aggro,1.7690000000000001,0,0.0,1,0
384,0,flexaggrod,3.4692,0,0.0,1,0
384,1,aggro,3.0512,0,0.0,1,1
384,2,aggro,3.0900000000000003,1,0.0,1,0
384,3,aggro,2.7496,0,0.0,1,0
385,0,flexaggrod,2.1958,0,0.0,0,1
385,1,aggro,2.3898,0,0.0,0,0
385,2,aggro,2.3916000000000004,1,0.0,0,0
385,3,aggro,3.381,0,0.0,0,0
386,0,flexaggrod,2.6719999999999997,0,0.0,1,0
386,1,aggro,1.4603999999999997,0,0.0,1,1
386,2,aggro,2.6332,0,0.0,1,0
386,3,aggro,2.3316000000000003,1,0.0,1,0
387,0,flexaggrod,2.3316000000000003,0,0.0,2,0
387,1,aggro,3.1094,0,0.0,2,0
387,2,aggro,2.7302,0,0.0,2,1
387,3,aggro,2.6914,1,0.0,2,0
388,0,flexaggrod,3.3034000000000003,0,0.0,2,0
388,1,aggro,2.3122000000000003,0,0.0,2,0
388,2,aggro,1.0617999999999999,1,0.0,2,1
388,3,aggro,3.0512,0,0.0,2,0
389,0,flexaggrod,2.8678,0,0.0,3,0
389,1,aggro,3.1482,0,0.0,3,0
389,2,aggro,3.1094,0,0.0,3,0
389,3,aggro,2.478,1,0.0,3,1
390,0,flexaggrod,1.4392,0,0.0,0,1
390,1,aggro,3.1870000000000003,0,0.0,0,0
390,2,aggro,3.2452,1,0.0,0,0
390,3,aggro,2.6719999999999997,0,0.0,0,0
391,0,flexaggrod,2.2558000000000002,0,0.0,2,0
391,1,aggro,4.2646,0,0.0,2,0
391,2,aggro,2.3722000000000003,0,0.0,2,1
391,3,aggro,3.3916,0,0.0,2,0
392,0,flexaggrod,2.7214,0,0.0,0,1
392,1,aggro,3.4004,0,0.0,0,0
392,2,aggro,4.380999999999999,0,0.0,0,0
392,3,aggro,3.702,1,0.0,0,0
393,0,flexaggrod,1.7302,0,0.0,0,1
393,1,aggro,1.8272000000000004,1,0.0,0,0
393,2,aggro,3.5168,0,0.0,0,0
393,3,aggro,1.6032000000000002,0,0.0,0,0
394,0,flexaggrod,2.3528000000000002,0,0.0,2,0
394,1,aggro,2.3334,0,0.0,2,0
394,2,aggro,3.478,0,0.0,2,1
394,3,aggro,4.3616,1,0.0,2,0
395,0,flexaggrod,2.4498,1,0.0,1,0
395,1,aggro,2.5168000000000004,0,0.0,1,1
395,2,aggro,2.7990000000000004,0,0.0,1,0
395,3,aggro,1.7884000000000002,0,0.0,1,0
396,0,flexaggrod,3.1676,0,0.0,3,0
396,1,aggro,2.6332,1,0.0,3,0
396,2,aggro,3.575,0,0.0,3,0
396,3,aggro,2.5556,0,0.0,3,1
397,0,flexaggrod,4.2452,0,0.0,1,0
397,1,aggro,1.5467999999999997,1,0.0,1,1
397,2,aggro,1.4779999999999998,0,0.0,1,0
397,3,aggro,3.2064000000000004,0,0.0,1,0
398,0,flexaggrod,2.3034,0,0.0,0,1
398,1,aggro,2.5362,0,0.0,0,0
398,2,aggro,2.3034,1,0.0,0,0
398,3,aggro,4.380999999999999,0,0.0,0,0
399,0,flexaggrod,2.3528000000000002,0,0.0,0,1
399,1,aggro,1.8766,1,0.0,0,0
399,2,aggro,2.5080000000000005,0,0.0,0,0
399,3,aggro,3.5856,0,0.0,0,0
400,0,flexaggrod,2.1958,1,0.0,2,0
400,1,aggro,1.5467999999999997,0,0.0,2,0
400,2,aggro,2.2452,0,0.0,2,1
400,3,aggro,2.1958,0,0.0,2,0
401,0,flexaggrod,2.769,0,0.0,2,0
401,1,aggro,3.4392,0,0.0,2,0
401,2,aggro,2.6138,0,0.0,2,1
401,3,aggro,2.3228,0,0.0,2,0
402,0,flexaggrod,3.0512,0,0.0,3,0
402,1,aggro,3.0124,0,0.0,3,0
402,2,aggro,3.5944000000000003,1,0.0,3,0
402,3,aggro,3.4497999999999998,0,0.0,3,1
403,0,flexaggrod,2.4004000000000003,1,0.0,0,1
403,1,aggro,3.3422000000000005,0,0.0,0,0
403,2,aggro,2.1182,0,0.0,0,0
403,3,aggro,1.7107999999999999,0,0.0,0,0
404,0,flexaggrod,2.6526,0,0.0,2,0
404,1,aggro,-0.34380000000000005,1,0.0,2,0
404,2,aggro,2.3034,0,0.0,2,1
404,3,aggro,2.5168000000000004,0,0.0,2,0
405,0,flexaggrod,1.7002000000000002,0,0.0,0,1
405,1,aggro,2.7108,0,0.0,0,0
405,2,aggro,2.6332,1,0.0,0,0
405,3,aggro,2.1376,0,0.0,0,0
406,0,flexaggrod,3.0512,0,0.0,0,1
406,1,aggro,2.6332,0,0.0,0,0
406,2,aggro,2.2752000000000003,0,0.0,0,0
406,3,aggro,3.2452,1,0.0,0,0
407,0,flexaggrod,2.3228,0,0.0,2,0
407,1,aggro,3.0900000000000003,1,0.0,2,0
407,2,aggro,2.2558000000000002,0,0.0,2,1
407,3,aggro,1.8572000000000002,0,0.0,2,0
408,0,flexaggrod,2.7990000000000004,0,0.0,2,0
408,1,aggro,2.5080000000000005,0,0.0,2,0
408,2,aggro,1.7408,0,0.0,2,1
408,3,aggro,2.769,0,0.0,2,0
409,0,flexaggrod,2.1182,0,0.0,0,1
409,1,aggro,3.1094,1,0.0,0,0
409,2,aggro,3.3228000000000004,0,0.0,0,0
409,3,aggro,2.7108,0,0.0,0,0
410,0,flexaggrod,1.8166000000000002,0,0.0,3,0
410,1,aggro,1.0617999999999999,0,0.0,3,0
410,2,aggro,2.9542000000000006,1,0.0,3,0
410,3,aggro,2.2752000000000003,0,0.0,3,1
411,0,flexaggrod,3.4198,0,0.0,2,0
411,1,aggro,2.4304000000000006,0,0.0,2,0
411,2,aggro,2.4585999999999997,0,0.0,2,1
411,3,aggro,2.6138,1,0.0,2,0
412,0,flexaggrod,3.5273999999999996,0,0.0,1,0
412,1,aggro,2.9454,0,0.0,1,1
412,2,aggro,2.8078,1,0.0,1,0
412,3,aggro,2.1958,1,0.0,1,0
413,0,flexaggrod,3.3422000000000005,0,1.0,2,0
413,1,aggro,2.3528000000000002,0,1.0,2,0
413,2,aggro,1.3809999999999998,0,-3.0,2,1
413,3,aggro,4.4197999999999995,1,1.0,2,0
414,0,flexaggrod,3.381,1,0.0,3,0
414,1,aggro,2.5944,0,0.0,3,0
414,2,aggro,2.6332,0,0.0,3,0
414,3,aggro,2.2364,0,0.0,3,1
415,0,flexaggrod,3.2064000000000004,1,0.0,1,0
415,1,aggro,1.9542,0,0.0,1,1
415,2,aggro,2.9930000000000003,0,0.0,1,0
415,3,aggro,2.6719999999999997,0,0.0,1,0
416,0,flexaggrod,3.5556,0,0.0,3,0
416,1,aggro,2.5556,1,0.0,3,0
416,2,aggro,3.5856,0,0.0,3,0
416,3,aggro,1.7602,0,0.0,3,1
417,0,flexaggrod,1.6243999999999998,0,0.0,0,1
417,1,aggro,1.866,0,0.0,0,0
417,2,aggro,2.1958,0,0.0,0,0
417,3,aggro,1.9436,0,0.0,0,0
418,0,flexaggrod,2.7496,1,0.0,3,0
418,1,aggro,2.9542000000000006,0,0.0,3,0
418,2,aggro,1.0617999999999999,0,0.0,3,0
418,3,aggro,2.9930000000000003,0,0.0,3,1
419,0,flexaggrod,2.254,0,0.0,0,1
419,1,aggro,4.2064,0,0.0,0,0
419,2,aggro,2.3916000000000004,1,0.0,0,0
419,3,aggro,2.3334,0,0.0,0,0
420,0,flexaggrod,2.8184,0,0.0,0,1
420,1,aggro,2.8078,0,0.0,0,0
420,2,aggro,3.2452,0,0.0,0,0
420,3,aggro,2.2364,1,0.0,0,0
421,0,flexaggrod,3.1094,0,0.0,3,0
421,1,aggro,2.8678,1,0.0,3,0
421,2,aggro,1.6156,0,0.0,3,0
421,3,aggro,3.1094,0,0.0,3,1
422,0,flexaggrod,3.478,1,0.0,1,0
422,1,aggro,2.2364,0,0.0,1,1
422,2,aggro,2.4974,0,0.0,1,0
422,3,aggro,2.5749999999999997,0,0.0,1,0
423,0,flexaggrod,3.4692,1,0.0,3,0
423,1,aggro,2.3704000000000005,0,0.0,3,0
423,2,aggro,4.284,1,0.0,3,0
423,3,aggro,2.4585999999999997,0,0.0,3,1
424,0,flexaggrod,2.7108,0,0.0,1,0
424,1,aggro,2.0512,1,0.0,1,1
424,2,aggro,2.6138,0,0.0,1,0
424,3,aggro,3.0900000000000003,0,0.0,1,0
425,0,flexaggrod,3.2840000000000003,0,0.0,3,0
425,1,aggro,3.1676,0,0.0,3,0
425,2,aggro,2.8078,0,0.0,3,0
425,3,aggro,1.2928,1,0.0,3,1
426,0,flexaggrod,3.2258,0,0.0,1,0
426,1,aggro,1.8272000000000004,1,0.0,1,1
426,2,aggro,2.1764,0,0.0,1,0
426,3,aggro,1.8272000000000004,0,0.0,1,0
427,0,flexaggrod,3.0706000000000007,0,0.0,1,0
427,1,aggro,2.8571999999999997,0,0.0,1,1
427,2,aggro,1.7972000000000004,0,0.0,1,0
427,3,aggro,3.4974,1,0.0,1,0
428,0,flexaggrod,2.4304000000000006,0,0.0,2,0
428,1,aggro,1.9154000000000002,0,0.0,2,0
428,2,aggro,2.3228,1,0.0,2,1
428,3,aggro,2.7496,0,0.0,2,0
429,0,flexaggrod,2.5168000000000004,0,0.0,1,0
429,1,aggro,3.1676,0,0.0,1,1
429,2,aggro,1.8960000000000001,1,0.0,1,0
429,3,aggro,4.3616,0,0.0,1,0
430,0,flexaggrod,2.478,0,0.0,3,0
430,1,aggro,3.5168,1,0.0,3,0
430,2,aggro,3.3228000000000004,0,0.0,3,0
430,3,aggro,2.4004000000000003,0,0.0,3,1
431,0,flexaggrod,3.3422,1,0.0,0,1
431,1,aggro,3.1094,0,0.0,0,0
431,2,aggro,1.8378,0,0.0,0,0
431,3,aggro,2.6138,0,0.0,0,0
432,0,flexaggrod,4.0512,1,0.0,0,1
432,1,aggro,3.2064000000000004,0,0.0,0,0
432,2,aggro,3.2064000000000004,0,0.0,0,0
432,3,aggro,3.2258,0,0.0,0,0
433,0,flexaggrod,2.6332,0,0.0,2,0
433,1,aggro,2.8184,1,0.0,2,0
433,2,aggro,2.4392,0,0.0,2,1
433,3,aggro,3.2064000000000004,0,0.0,2,0
434,0,flexaggrod,3.3034000000000003,0,0.0,1,0
434,1,aggro,2.0794,0,0.0,1,1
434,2,aggro,2.1958,0,0.0,1,0
434,3,aggro,3.4303999999999997,1,0.0,1,0
435,0,flexaggrod,3.1676,0,0.0,0,1
435,1,aggro,2.2928,0,0.0,0,0
435,2,aggro,2.9736,1,0.0,0,0
435,3,aggro,3.478,0,0.0,0,0
436,0,flexaggrod,2.4110000000000005,0,0.0,1,0
436,1,aggro,2.4974,0,0.0,1,1
436,2,aggro,2.4974,0,0.0,1,0
436,3,aggro,4.3034,0,0.0,1,0
437,0,flexaggrod,2.5468000000000006,0,0.0,1,0
437,1,aggro,1.4003999999999999,0,0.0,1,1
437,2,aggro,2.6719999999999997,1,0.0,1,0
437,3,aggro,2.5749999999999997,0,0.0,1,0
438,0,flexaggrod,3.2064000000000004,0,0.0,3,0
438,1,aggro,3.4886,0,0.0,3,0
438,2,aggro,2.2646,0,0.0,3,0
438,3,aggro,2.3916000000000004,1,0.0,3,1
439,0,flexaggrod,3.0318000000000005,0,0.0,0,1
439,1,aggro,1.7972000000000004,1,0.0,0,0
439,2,aggro,2.3422,1,0.0,0,0
439,3,aggro,3.4586,0,0.0,0,0
440,0,flexaggrod,2.0406,0,0.0,0,1
440,1,aggro,2.6138,1,0.0,0,0
440,2,aggro,2.3422,0,0.0,0,0
440,3,aggro,3.1482,0,0.0,0,0
441,0,flexaggrod,3.2452,1,0.0,1,0
441,1,aggro,3.3528000000000002,0,0.0,1,1
441,2,aggro,3.1288,0,0.0,1,0
441,3,aggro,2.4304000000000006,0,0.0,1,0
442,0,flexaggrod,3.0318000000000005,0,0.0,1,0
442,1,aggro,2.6719999999999997,0,0.0,1,1
442,2,aggro,3.1288,0,0.0,1,0
442,3,aggro,2.5556,1,0.0,1,0
443,0,flexaggrod,2.4304000000000006,0,0.0,2,0
443,1,aggro,2.1976,1,0.0,2,0
443,2,aggro,2.7514,0,0.0,2,1
443,3,aggro,3.1676,0,0.0,2,0
444,0,flexaggrod,3.5944000000000003,1,0.0,1,0
444,1,aggro,3.0318000000000005,0,0.0,1,1
444,2,aggro,3.5556,0,0.0,1,0
444,3,aggro,3.3616,0,0.0,1,0
445,0,flexaggrod,3.1676,0,0.0,2,0
445,1,aggro,2.8078,1,0.0,2,0
445,2,aggro,3.4004,0,0.0,2,1
445,3,aggro,2.0987999999999998,0,0.0,2,0
446,0,flexaggrod,3.5467999999999997,1,0.0,3,0
446,1,aggro,3.3228000000000004,0,0.0,3,0
446,2,aggro,2.2946000000000004,0,0.0,3,0
446,3,aggro,3.1870000000000003,0,0.0,3,1
447,0,flexaggrod,3.4198,0,0.0,1,0
447,1,aggro,1.6243999999999998,0,0.0,1,1
447,2,aggro,2.5556,1,0.0,1,0
447,3,aggro,2.7796000000000003,0,0.0,1,0
448,0,flexaggrod,2.3810000000000002,1,0.0,1,0
448,1,aggro,2.3034,0,0.0,1,1
448,2,aggro,2.866,0,0.0,1,0
448,3,aggro,2.157,0,0.0,1,0
449,0,flexaggrod,1.9542,0,0.0,0,1
449,1,aggro,2.2928,1,0.0,0,0
449,2,aggro,1.5943999999999998,0,0.0,0,0
449,3,aggro,2.7108,0,0.0,0,0
450,0,flexaggrod,2.769,0,0.0,1,0
450,1,aggro,2.284,0,0.0,1,1
450,2,aggro,2.6332,1,0.0,1,0
450,3,aggro,1.9242,0,0.0,1,0
451,0,flexaggrod,4.1288,0,0.0,1,0
451,1,aggro,2.7602,0,0.0,1,1
451,2,aggro,2.7108,0,0.0,1,0
451,3,aggro,3.6437999999999997,1,0.0,1,0
452,0,flexaggrod,2.4392,0,0.0,3,0
452,1,aggro,2.1376,0,0.0,3,0
452,2,aggro,3.7214,0,0.0,3,0
452,3,aggro,1.5168,1,0.0,3,1
453,0,flexaggrod,1.8166000000000002,1,0.0,2,0
453,1,aggro,2.2152000000000003,0,0.0,2,0
453,2,aggro,1.7107999999999999,0,0.0,2,1
453,3,aggro,1.9348,0,0.0,2,0
454,0,flexaggrod,2.6332,0,0.0,3,0
454,1,aggro,1.605,0,0.0,3,0
454,2,aggro,1.866,0,0.0,3,0
454,3,aggro,2.5749999999999997,0,0.0,3,1
455,0,flexaggrod,4.4197999999999995,0,0.0,2,0
455,1,aggro,2.314,0,0.0,2,0
455,2,aggro,1.5062,1,0.0,2,1
455,3,aggro,1.8184,0,0.0,2,0
456,0,flexaggrod,3.1870000000000003,0,0.0,1,0
456,1,aggro,2.254,0,0.0,1,1
456,2,aggro,2.4586,0,0.0,1,0
456,3,aggro,2.6914,1,0.0,1,0
457,0,flexaggrod,2.7496,1,0.0,2,0
457,1,aggro,3.5168,0,0.0,2,0
457,2,aggro,2.9348000000000005,0,0.0,2,1
457,3,aggro,2.3422,0,0.0,2,0
458,0,flexaggrod,3.4497999999999998,0,0.0,3,0
458,1,aggro,2.8378,1,0.0,3,0
458,2,aggro,3.2064000000000004,0,0.0,3,0
458,3,aggro,2.5944,0,0.0,3,1
459,0,flexaggrod,2.4110000000000005,0,0.0,3,0
459,1,aggro,2.4498,0,0.0,3,0
459,2,aggro,1.799,0,0.0,3,0
459,3,aggro,1.4109999999999998,1,0.0,3,1
460,0,flexaggrod,2.3510000000000004,0,0.0,2,0
460,1,aggro,2.2752000000000003,0,0.0,2,0
460,2,aggro,2.8571999999999997,1,0.0,2,1
460,3,aggro,2.6332,0,0.0,2,0
461,0,flexaggrod,3.1482,0,0.0,2,0
461,1,aggro,1.8184,0,0.0,2,0
461,2,aggro,2.6332,1,0.0,2,1
461,3,aggro,2.478,0,0.0,2,0
462,0,flexaggrod,2.8184,0,0.0,1,0
462,1,aggro,1.9824000000000002,0,0.0,1,1
462,2,aggro,3.545,1,0.0,1,0
462,3,aggro,3.2258,0,0.0,1,0
463,0,flexaggrod,1.9524000000000001,0,0.0,3,0
463,1,aggro,2.1958,0,0.0,3,0
463,2,aggro,3.5362,0,0.0,3,0
463,3,aggro,1.9348,1,0.0,3,1
464,0,flexaggrod,4.284,0,0.0,0,1
464,1,aggro,3.2646,0,0.0,0,0
464,2,aggro,2.3810000000000002,0,0.0,0,0
464,3,aggro,2.3810000000000002,1,0.0,0,0
465,0,flexaggrod,2.6138,0,0.0,2,0
465,1,aggro,2.6914,1,0.0,2,0
465,2,aggro,3.1288,0,0.0,2,1
465,3,aggro,2.2346000000000004,0,0.0,2,0
466,0,flexaggrod,3.478,0,0.0,3,0
466,1,aggro,3.5168,0,0.0,3,0
466,2,aggro,2.478,0,0.0,3,0
466,3,aggro,1.866,0,0.0,3,1
467,0,flexaggrod,1.6243999999999998,0,0.0,3,0
467,1,aggro,3.4692,0,0.0,3,0
467,2,aggro,3.0706000000000007,0,0.0,3,0
467,3,aggro,1.9048000000000003,1,0.0,3,1
468,0,flexaggrod,2.157,0,0.0,0,1
468,1,aggro,1.605,0,0.0,0,0
468,2,aggro,1.4885999999999997,1,0.0,0,0
468,3,aggro,2.1764,0,0.0,0,0
469,0,flexaggrod,4.3228,0,0.0,2,0
469,1,aggro,2.9930000000000003,0,0.0,2,0
469,2,aggro,1.5185999999999997,1,0.0,2,1
469,3,aggro,2.2452,0,0.0,2,0
470,0,flexaggrod,2.6719999999999997,0,0.0,0,1
470,1,aggro,2.4974,0,0.0,0,0
470,2,aggro,2.3228,0,0.0,0,0
470,3,aggro,2.8854,1,0.0,0,0
471,0,flexaggrod,2.5749999999999997,0,0.0,3,0
471,1,aggro,2.284,1,0.0,3,0
471,2,aggro,2.1764,0,0.0,3,0
471,3,aggro,3.4974,0,0.0,3,1
472,0,flexaggrod,2.2558000000000002,0,0.0,1,0
472,1,aggro,1.4585999999999997,1,0.0,1,1
472,2,aggro,3.0124,0,0.0,1,0
472,3,aggro,1.9348,0,0.0,1,0
473,0,flexaggrod,2.6332,1,0.0,0,1
473,1,aggro,2.254,0,0.0,0,0
473,2,aggro,2.2752000000000003,0,0.0,0,0
473,3,aggro,1.5961999999999998,0,0.0,0,0
474,0,flexaggrod,2.6138,0,0.0,2,0
474,1,aggro,3.1094,1,0.0,2,0
474,2,aggro,1.8766,0,0.0,2,1
474,3,aggro,1.9154000000000002,0,0.0,2,0
475,0,flexaggrod,2.1958,0,0.0,1,0
475,1,aggro,1.7496,0,0.0,1,1
475,2,aggro,1.8960000000000001,0,0.0,1,0
475,3,aggro,2.5556,1,0.0,1,0
476,0,flexaggrod,2.5749999999999997,0,0.0,2,0
476,1,aggro,4.3616,0,0.0,2,0
476,2,aggro,2.1182,1,0.0,2,1
476,3,aggro,2.3528000000000002,0,0.0,2,0
477,0,flexaggrod,1.8554000000000004,0,0.0,0,1
477,1,aggro,2.5080000000000005,1,0.0,0,0
477,2,aggro,2.9629999999999996,0,0.0,0,0
477,3,aggro,3.1094,0,0.0,0,0
478,0,flexaggrod,2.6138,0,0.0,0,1
478,1,aggro,2.6138,0,0.0,0,0
478,2,aggro,1.8378,1,0.0,0,0
478,3,aggro,3.1482,0,0.0,0,0
479,0,flexaggrod,1.5079999999999998,0,0.0,0,1
479,1,aggro,3.5944000000000003,0,0.0,0,0
479,2,aggro,4.284,1,0.0,0,0
479,3,aggro,3.5168,0,0.0,0,0
480,0,flexaggrod,1.9154000000000002,0,0.0,0,1
480,1,aggro,2.2646,0,0.0,0,0
480,2,aggro,3.1288,0,0.0,0,0
480,3,aggro,3.1094,1,0.0,0,0
481,0,flexaggrod,2.4286000000000003,0,0.0,3,0
481,1,aggro,3.4392,0,0.0,3,0
481,2,aggro,2.3810000000000002,1,0.0,3,0
481,3,aggro,2.3316000000000003,0,0.0,3,1
482,0,flexaggrod,3.4497999999999998,0,0.0,3,0
482,1,aggro,2.7108,0,0.0,3,0
482,2,aggro,2.3528000000000002,0,0.0,3,0
482,3,aggro,2.2558000000000002,1,0.0,3,1
483,0,flexaggrod,2.6138,0,0.0,1,0
483,1,aggro,2.2946000000000004,1,0.0,1,1
483,2,aggro,4.5362,0,0.0,1,0
483,3,aggro,2.2346000000000004,0,0.0,1,0
484,0,flexaggrod,3.0706000000000007,0,0.0,0,1
484,1,aggro,3.1094,0,0.0,0,0
484,2,aggro,2.8272,0,0.0,0,0
484,3,aggro,2.9930000000000003,1,0.0,0,0
485,0,flexaggrod,0.6437999999999999,1,1.0,0,1
485,1,aggro,2.9542000000000006,0,1.0,0,0
485,2,aggro,2.3616,0,-3.0,0,0
485,3,aggro,2.4004000000000003,0,1.0,0,0
486,0,flexaggrod,2.5362,0,0.0,1,0
486,1,aggro,3.4303999999999997,0,0.0,1,1
486,2,aggro,3.0124,0,0.0,1,0
486,3,aggro,2.4392,1,0.0,1,0
487,0,flexaggrod,2.6138,0,0.0,2,0
487,1,aggro,3.3034,0,0.0,2,0
487,2,aggro,2.254,0,0.0,2,1
487,3,aggro,4.1676,0,0.0,2,0
488,0,flexaggrod,1.9736,0,0.0,3,0
488,1,aggro,2.5944,0,0.0,3,0
488,2,aggro,3.0512,1,0.0,3,0
488,3,aggro,2.1764,0,0.0,3,1
489,0,flexaggrod,3.1094,0,0.0,1,0
489,1,aggro,3.2064000000000004,1,0.0,1,1
489,2,aggro,2.4004000000000003,0,0.0,1,0
489,3,aggro,3.2646,0,0.0,1,0
490,0,flexaggrod,2.5944,0,0.0,3,0
490,1,aggro,3.2258,1,0.0,3,0
490,2,aggro,1.0899999999999999,0,0.0,3,0
490,3,aggro,1.9736,0,0.0,3,1
491,0,flexaggrod,1.8960000000000001,0,0.0,3,0
491,1,aggro,2.6914,0,0.0,3,0
491,2,aggro,4.3616,0,0.0,3,0
491,3,aggro,1.0318,1,0.0,3,1
492,0,flexaggrod,1.7602,0,0.0,3,0
492,1,aggro,2.5944,0,0.0,3,0
492,2,aggro,1.9542,0,0.0,3,0
492,3,aggro,2.1376,1,0.0,3,1
493,0,flexaggrod,2.3334,0,0.0,1,0
493,1,aggro,2.187,0,0.0,1,1
493,2,aggro,1.7796,0,0.0,1,0
493,3,aggro,2.6138,1,0.0,1,0
494,0,flexaggrod,2.4974,0,0.0,3,0
494,1,aggro,2.3810000000000002,0,0.0,3,0
494,2,aggro,2.5362,0,0.0,3,0
494,3,aggro,2.4198,1,0.0,3,1
495,0,flexaggrod,3.0706000000000007,0,0.0,1,0
495,1,aggro,2.3228,0,0.0,1,1
495,2,aggro,1.8854000000000002,0,0.0,1,0
495,3,aggro,2.5749999999999997,0,0.0,1,0
496,0,flexaggrod,2.4585999999999997,0,0.0,0,1
496,1,aggro,1.8960000000000001,0,0.0,0,0
496,2,aggro,2.284,1,0.0,0,0
496,3,aggro,2.6526,0,0.0,0,0
497,0,flexaggrod,2.7496,0,0.0,1,0
497,1,aggro,2.829,1,0.0,1,1
497,2,aggro,2.4974,0,0.0,1,0
497,3,aggro,2.4198,0,0.0,1,0
498,0,flexaggrod,2.4110000000000005,1,0.0,2,0
498,1,aggro,3.3616,0,0.0,2,0
498,2,aggro,2.6526,0,0.0,2,1
498,3,aggro,2.4304000000000006,0,0.0,2,0
499,0,flexaggrod,3.1676,0,0.0,2,0
499,1,aggro,2.3228,0,0.0,2,0
499,2,aggro,2.7884,1,0.0,2,1
499,3,aggro,3.0124,0,0.0,2,0
