episode_id,seat,policy_tag,win,opening_shape
0,0,flexaggrod,1,3.254
0,1,flexaggrod,0,2.254
0,2,flexaggrod,0,4.06
0,3,flexaggrod,0,3.769
1,0,flexaggrod,1,2.2239999999999998
1,1,flexaggrod,0,4.03
1,2,flexaggrod,0,3.254
1,3,flexaggrod,0,2.769
2,0,flexaggrod,0,3.254
2,1,flexaggrod,0,2.7990000000000004
2,2,flexaggrod,1,2.769
2,3,flexaggrod,0,3.254
3,0,flexaggrod,1,4.09
3,1,flexaggrod,0,3.06
3,2,flexaggrod,0,2.254
3,3,flexaggrod,0,1.739
4,0,flexaggrod,1,3.254
4,1,flexaggrod,0,5.06
4,2,flexaggrod,0,3.769
4,3,flexaggrod,0,2.7390000000000003
5,0,flexaggrod,0,2.284
5,1,flexaggrod,0,2.7390000000000003
5,2,flexaggrod,0,3.769
5,3,flexaggrod,0,4.06
6,0,flexaggrod,0,2.7390000000000003
6,1,flexaggrod,0,2.7390000000000003
6,2,flexaggrod,0,3.12
6,3,flexaggrod,1,2.7390000000000003
7,0,flexaggrod,0,3.769
7,1,flexaggrod,0,3.769
7,2,flexaggrod,0,3.254
7,3,flexaggrod,0,2.7990000000000004
8,0,flexaggrod,0,3.769
8,1,flexaggrod,0,2.7990000000000004
8,2,flexaggrod,0,3.254
8,3,flexaggrod,1,3.769
9,0,flexaggrod,0,5.06
9,1,flexaggrod,0,3.254
9,2,flexaggrod,0,1.7690000000000001
9,3,flexaggrod,1,2.7990000000000004
10,0,flexaggrod,1,2.7990000000000004
10,1,flexaggrod,0,2.254
10,2,flexaggrod,0,3.254
10,3,flexaggrod,0,2.7990000000000004
11,0,flexaggrod,0,2.7390000000000003
11,1,flexaggrod,1,3.0900000000000003
11,2,flexaggrod,0,2.7390000000000003
11,3,flexaggrod,0,2.769
12,0,flexaggrod,0,2.284
12,1,flexaggrod,0,3.254
12,2,flexaggrod,0,5.06
12,3,flexaggrod,1,2.769
13,0,flexaggrod,0,2.7990000000000004
13,1,flexaggrod,0,1.799
13,2,flexaggrod,0,3.254
13,3,flexaggrod,1,3.769
14,0,flexaggrod,0,3.769
14,1,flexaggrod,1,3.769
14,2,flexaggrod,0,5.06
14,3,flexaggrod,0,3.769
15,0,flexaggrod,0,3.769
15,1,flexaggrod,1,4.09
15,2,flexaggrod,0,2.2239999999999998
15,3,flexaggrod,0,3.254
16,0,flexaggrod,1,1.7690000000000001
16,1,flexaggrod,0,3.769
16,2,flexaggrod,0,5.06
16,3,flexaggrod,0,2.769
17,0,flexaggrod,0,3.0900000000000003
17,1,flexaggrod,1,3.769
17,2,flexaggrod,0,3.769
17,3,flexaggrod,0,3.254
18,0,flexaggrod,0,5.06
18,1,flexaggrod,1,3.0900000000000003
18,2,flexaggrod,0,4.09
18,3,flexaggrod,0,3.769
19,0,flexaggrod,0,3.254
19,1,flexaggrod,0,2.2239999999999998
19,2,flexaggrod,1,4.09
19,3,flexaggrod,0,3.254
20,0,flexaggrod,0,4.09
20,1,flexaggrod,0,3.769
20,2,flexaggrod,1,2.769
20,3,flexaggrod,0,2.769
21,0,flexaggrod,1,3.254
21,1,flexaggrod,0,2.284
21,2,flexaggrod,0,3.254
21,3,flexaggrod,0,3.769
22,0,flexaggrod,0,4.09
22,1,flexaggrod,1,3.769
22,2,flexaggrod,0,2.284
22,3,flexaggrod,0,3.254
23,0,flexaggrod,0,4.09
23,1,flexaggrod,0,3.254
23,2,flexaggrod,0,3.769
23,3,flexaggrod,1,2.7990000000000004
24,0,flexaggrod,0,3.769
24,1,flexaggrod,0,3.254
24,2,flexaggrod,1,4.09
24,3,flexaggrod,0,3.769
25,0,flexaggrod,0,2.769
25,1,flexaggrod,0,3.254
25,2,flexaggrod,0,2.7390000000000003
25,3,flexaggrod,0,3.254
26,0,flexaggrod,1,2.7990000000000004
26,1,flexaggrod,0,5.06
26,2,flexaggrod,0,4.06
26,3,flexaggrod,0,3.254
27,0,flexaggrod,1,3.769
27,1,flexaggrod,1,1.709
27,2,flexaggrod,0,4.06
27,3,flexaggrod,0,4.09
28,0,flexaggrod,0,3.254
28,1,flexaggrod,1,2.7390000000000003
28,2,flexaggrod,0,2.7990000000000004
28,3,flexaggrod,0,3.254
29,0,flexaggrod,1,2.7390000000000003
29,1,flexaggrod,0,3.769
29,2,flexaggrod,0,3.769
29,3,flexaggrod,0,3.254
30,0,flexaggrod,1,2.769
30,1,flexaggrod,0,3.769
30,2,flexaggrod,0,2.7390000000000003
30,3,flexaggrod,0,3.254
31,0,flexaggrod,0,4.06
31,1,flexaggrod,0,2.284
31,2,flexaggrod,0,3.254
31,3,flexaggrod,1,4.09
32,0,flexaggrod,0,2.284
32,1,flexaggrod,0,2.284
32,2,flexaggrod,1,3.769
32,3,flexaggrod,0,2.769
33,0,flexaggrod,0,3.12
33,1,flexaggrod,1,3.254
33,2,flexaggrod,0,2.2239999999999998
33,3,flexaggrod,0,4.09
34,0,flexaggrod,0,3.769
34,1,flexaggrod,0,2.7390000000000003
34,2,flexaggrod,1,4.09
34,3,flexaggrod,0,4.09
35,0,flexaggrod,1,2.769
35,1,flexaggrod,0,2.7990000000000004
35,2,flexaggrod,0,4.06
35,3,flexaggrod,0,3.769
36,0,flexaggrod,0,3.254
36,1,flexaggrod,0,2.254
36,2,flexaggrod,1,2.7990000000000004
36,3,flexaggrod,0,3.254
37,0,flexaggrod,1,4.03
37,1,flexaggrod,0,3.769
37,2,flexaggrod,0,2.7990000000000004
37,3,flexaggrod,0,3.06
38,0,flexaggrod,0,3.769
38,1,flexaggrod,0,3.769
38,2,flexaggrod,1,3.769
38,3,flexaggrod,0,1.829
39,0,flexaggrod,1,2.769
39,1,flexaggrod,0,2.254
39,2,flexaggrod,1,2.7390000000000003
39,3,flexaggrod,0,1.829
40,0,flexaggrod,0,4.06
40,1,flexaggrod,0,3.769
40,2,flexaggrod,0,1.7690000000000001
40,3,flexaggrod,1,3.769
41,0,flexaggrod,0,4.06
41,1,flexaggrod,0,4.09
41,2,flexaggrod,1,1.7690000000000001
41,3,flexaggrod,0,2.7390000000000003
42,0,flexaggrod,0,5.06
42,1,flexaggrod,0,4.06
42,2,flexaggrod,0,3.254
42,3,flexaggrod,1,3.769
43,0,flexaggrod,0,2.7390000000000003
43,1,flexaggrod,0,3.0900000000000003
43,2,flexaggrod,1,1.7690000000000001
43,3,flexaggrod,0,2.7990000000000004
44,0,flexaggrod,0,2.7390000000000003
44,1,flexaggrod,0,3.254
44,2,flexaggrod,0,3.254
44,3,flexaggrod,1,3.254
45,0,flexaggrod,0,2.7390000000000003
45,1,flexaggrod,0,2.7390000000000003
45,2,flexaggrod,1,3.12
45,3,flexaggrod,0,3.769
46,0,flexaggrod,0,2.769
46,1,flexaggrod,0,3.769
46,2,flexaggrod,1,2.284
46,3,flexaggrod,0,1.829
47,0,flexaggrod,0,3.254
47,1,flexaggrod,1,3.254
47,2,flexaggrod,0,4.03
47,3,flexaggrod,0,4.09
48,0,flexaggrod,0,5.06
48,1,flexaggrod,1,3.254
48,2,flexaggrod,0,3.769
48,3,flexaggrod,0,2.769
49,0,flexaggrod,1,2.7990000000000004
49,1,flexaggrod,0,3.769
49,2,flexaggrod,0,3.254
49,3,flexaggrod,0,2.284
50,0,flexaggrod,0,3.769
50,1,flexaggrod,0,5.06
50,2,flexaggrod,1,2.284
50,3,flexaggrod,0,2.2239999999999998
51,0,flexaggrod,1,4.09
51,1,flexaggrod,0,2.284
51,2,flexaggrod,0,3.769
51,3,flexaggrod,0,3.0900000000000003
52,0,flexaggrod,0,3.769
52,1,flexaggrod,1,4.06
52,2,flexaggrod,0,2.7990000000000004
52,3,flexaggrod,0,3.254
53,0,flexaggrod,0,4.09
53,1,flexaggrod,0,5.06
53,2,flexaggrod,0,3.769
53,3,flexaggrod,1,5.06
54,0,flexaggrod,0,3.254
54,1,flexaggrod,0,2.7990000000000004
54,2,flexaggrod,0,1.829
54,3,flexaggrod,1,3.769
55,0,flexaggrod,0,2.769
55,1,flexaggrod,1,3.769
55,2,flexaggrod,0,4.06
55,3,flexaggrod,0,3.769
56,0,flexaggrod,0,3.769
56,1,flexaggrod,0,3.769
56,2,flexaggrod,0,2.2239999999999998
56,3,flexaggrod,1,2.7990000000000004
57,0,flexaggrod,0,2.7990000000000004
57,1,flexaggrod,0,2.284
57,2,flexaggrod,1,2.254
57,3,flexaggrod,0,2.7990000000000004
58,0,flexaggrod,1,3.769
58,1,flexaggrod,0,2.7390000000000003
58,2,flexaggrod,0,2.7990000000000004
58,3,flexaggrod,0,2.2239999999999998
59,0,flexaggrod,0,3.769
59,1,flexaggrod,0,4.06
59,2,flexaggrod,1,2.2239999999999998
59,3,flexaggrod,0,3.254
60,0,flexaggrod,0,2.769
60,1,flexaggrod,0,5.06
60,2,flexaggrod,0,4.09
60,3,flexaggrod,1,2.2239999999999998
61,0,flexaggrod,0,3.254
61,1,flexaggrod,0,2.7990000000000004
61,2,flexaggrod,0,3.254
61,3,flexaggrod,1,2.7990000000000004
62,0,flexaggrod,0,3.254
62,1,flexaggrod,1,2.7390000000000003
62,2,flexaggrod,0,4.06
62,3,flexaggrod,0,4.09
63,0,flexaggrod,0,2.2239999999999998
63,1,flexaggrod,0,2.284
63,2,flexaggrod,0,2.2239999999999998
63,3,flexaggrod,1,4.06
64,0,flexaggrod,1,3.769
64,1,flexaggrod,0,3.769
64,2,flexaggrod,0,1.799
64,3,flexaggrod,0,4.03
65,0,flexaggrod,0,3.0900000000000003
65,1,flexaggrod,0,1.3139999999999998
65,2,flexaggrod,0,3.769
65,3,flexaggrod,1,2.7990000000000004
66,0,flexaggrod,0,2.7390000000000003
66,1,flexaggrod,0,3.769
66,2,flexaggrod,0,4.06
66,3,flexaggrod,1,2.284
67,0,flexaggrod,0,3.769
67,1,flexaggrod,1,3.769
67,2,flexaggrod,0,2.284
67,3,flexaggrod,0,2.284
68,0,flexaggrod,0,3.769
68,1,flexaggrod,0,2.769
68,2,flexaggrod,0,2.7390000000000003
68,3,flexaggrod,1,2.7990000000000004
69,0,flexaggrod,1,2.2239999999999998
69,1,flexaggrod,0,2.2239999999999998
69,2,flexaggrod,0,4.09
69,3,flexaggrod,0,3.254
70,0,flexaggrod,0,2.7990000000000004
70,1,flexaggrod,1,2.769
70,2,flexaggrod,0,3.769
70,3,flexaggrod,0,5.06
71,0,flexaggrod,0,2.7390000000000003
71,1,flexaggrod,0,2.254
71,2,flexaggrod,0,2.284
71,3,flexaggrod,1,2.7390000000000003
72,0,flexaggrod,0,3.769
72,1,flexaggrod,0,2.7990000000000004
72,2,flexaggrod,1,2.7390000000000003
72,3,flexaggrod,0,3.769
73,0,flexaggrod,0,3.254
73,1,flexaggrod,0,2.284
73,2,flexaggrod,0,2.7990000000000004
73,3,flexaggrod,0,3.769
74,0,flexaggrod,1,2.7990000000000004
74,1,flexaggrod,0,3.769
74,2,flexaggrod,0,3.254
74,3,flexaggrod,0,3.0900000000000003
75,0,flexaggrod,0,4.09
75,1,flexaggrod,1,3.254
75,2,flexaggrod,0,3.769
75,3,flexaggrod,0,2.7990000000000004
76,0,flexaggrod,0,2.254
76,1,flexaggrod,0,5.06
76,2,flexaggrod,0,4.06
76,3,flexaggrod,1,3.769
77,0,flexaggrod,0,2.284
77,1,flexaggrod,0,2.7390000000000003
77,2,flexaggrod,0,2.7990000000000004
77,3,flexaggrod,1,2.7990000000000004
78,0,flexaggrod,0,1.7690000000000001
78,1,flexaggrod,1,2.284
78,2,flexaggrod,0,2.7990000000000004
78,3,flexaggrod,0,3.12
79,0,flexaggrod,0,3.769
79,1,flexaggrod,1,3.12
79,2,flexaggrod,0,2.2239999999999998
79,3,flexaggrod,0,4.09
80,0,flexaggrod,1,2.284
80,1,flexaggrod,0,2.7990000000000004
80,2,flexaggrod,0,3.254
80,3,flexaggrod,0,2.2239999999999998
81,0,flexaggrod,0,2.7390000000000003
81,1,flexaggrod,0,5.06
81,2,flexaggrod,1,3.254
81,3,flexaggrod,0,4.06
82,0,flexaggrod,0,3.254
82,1,flexaggrod,0,2.7390000000000003
82,2,flexaggrod,0,2.769
82,3,flexaggrod,1,2.769
83,0,flexaggrod,0,1.829
83,1,flexaggrod,1,2.7390000000000003
83,2,flexaggrod,0,2.769
83,3,flexaggrod,0,4.06
84,0,flexaggrod,0,2.284
84,1,flexaggrod,0,4.06
84,2,flexaggrod,1,3.769
84,3,flexaggrod,0,4.09
85,0,flexaggrod,0,2.7390000000000003
85,1,flexaggrod,0,2.7990000000000004
85,2,flexaggrod,0,5.06
85,3,flexaggrod,1,2.769
86,0,flexaggrod,0,2.2239999999999998
86,1,flexaggrod,0,3.769
86,2,flexaggrod,1,2.769
86,3,flexaggrod,0,4.09
87,0,flexaggrod,0,3.06
87,1,flexaggrod,1,5.06
87,2,flexaggrod,0,3.254
87,3,flexaggrod,0,4.09
88,0,flexaggrod,0,2.284
88,1,flexaggrod,1,2.769
88,2,flexaggrod,0,3.769
88,3,flexaggrod,0,4.09
89,0,flexaggrod,1,3.0900000000000003
89,1,flexaggrod,0,4.09
89,2,flexaggrod,0,2.7390000000000003
89,3,flexaggrod,0,1.7690000000000001
90,0,flexaggrod,1,2.769
90,1,flexaggrod,0,4.06
90,2,flexaggrod,0,4.06
90,3,flexaggrod,0,4.09
91,0,flexaggrod,1,3.254
91,1,flexaggrod,0,3.769
91,2,flexaggrod,0,2.284
91,3,flexaggrod,0,3.254
92,0,flexaggrod,0,3.0900000000000003
92,1,flexaggrod,1,2.284
92,2,flexaggrod,0,3.0900000000000003
92,3,flexaggrod,0,1.739
93,0,flexaggrod,1,2.7990000000000004
93,1,flexaggrod,0,2.254
93,2,flexaggrod,0,3.254
93,3,flexaggrod,0,3.254
94,0,flexaggrod,1,3.254
94,1,flexaggrod,0,3.254
94,2,flexaggrod,0,3.254
94,3,flexaggrod,0,4.09
95,0,flexaggrod,0,4.09
95,1,flexaggrod,0,2.7990000000000004
95,2,flexaggrod,0,2.769
95,3,flexaggrod,1,2.7990000000000004
96,0,flexaggrod,0,3.254
96,1,flexaggrod,0,2.7390000000000003
96,2,flexaggrod,1,2.254
96,3,flexaggrod,0,5.06
97,0,flexaggrod,1,2.254
97,1,flexaggrod,0,3.254
97,2,flexaggrod,0,2.7990000000000004
97,3,flexaggrod,0,4.09
98,0,flexaggrod,0,3.254
98,1,flexaggrod,0,5.06
98,2,flexaggrod,0,2.7990000000000004
98,3,flexaggrod,1,3.769
99,0,flexaggrod,0,3.254
99,1,flexaggrod,0,2.284
99,2,flexaggrod,0,3.06
99,3,flexaggrod,1,4.06
100,0,flexaggrod,0,2.7990000000000004
100,1,flexaggrod,1,2.7390000000000003
100,2,flexaggrod,0,1.799
100,3,flexaggrod,0,3.769
101,0,flexaggrod,0,2.7390000000000003
101,1,flexaggrod,0,3.769
101,2,flexaggrod,1,2.2239999999999998
101,3,flexaggrod,0,2.7990000000000004
102,0,flexaggrod,0,3.769
102,1,flexaggrod,0,2.7990000000000004
102,2,flexaggrod,0,5.06
102,3,flexaggrod,1,3.254
103,0,flexaggrod,1,2.254
103,1,flexaggrod,0,2.769
103,2,flexaggrod,0,2.2239999999999998
103,3,flexaggrod,0,2.7990000000000004
104,0,flexaggrod,0,4.06
104,1,flexaggrod,0,2.7390000000000003
104,2,flexaggrod,1,2.769
104,3,flexaggrod,0,2.7990000000000004
105,0,flexaggrod,0,1.829
105,1,flexaggrod,1,3.254
105,2,flexaggrod,0,3.769
105,3,flexaggrod,0,1.829
106,0,flexaggrod,0,2.7990000000000004
106,1,flexaggrod,0,2.769
106,2,flexaggrod,0,3.769
106,3,flexaggrod,0,5.06
107,0,flexaggrod,0,2.7990000000000004
107,1,flexaggrod,1,3.254
107,2,flexaggrod,0,3.769
107,3,flexaggrod,0,3.769
108,0,flexaggrod,0,2.254
108,1,flexaggrod,1,1.829
108,2,flexaggrod,0,2.769
108,3,flexaggrod,0,4.09
109,0,flexaggrod,0,5.06
109,1,flexaggrod,0,2.7990000000000004
109,2,flexaggrod,0,2.7390000000000003
109,3,flexaggrod,1,2.7990000000000004
110,0,flexaggrod,1,3.254
110,1,flexaggrod,0,3.0900000000000003
110,2,flexaggrod,0,3.254
110,3,flexaggrod,0,3.12
111,0,flexaggrod,0,5.06
111,1,flexaggrod,1,3.254
111,2,flexaggrod,0,3.254
111,3,flexaggrod,0,5.06
112,0,flexaggrod,1,2.2239999999999998
112,1,flexaggrod,0,2.254
112,2,flexaggrod,0,3.12
112,3,flexaggrod,0,2.254
113,0,flexaggrod,1,2.254
113,1,flexaggrod,0,2.7390000000000003
113,2,flexaggrod,0,1.799
113,3,flexaggrod,0,2.769
114,0,flexaggrod,0,1.829
114,1,flexaggrod,1,3.254
114,2,flexaggrod,0,3.769
114,3,flexaggrod,0,5.06
115,0,flexaggrod,0,2.7390000000000003
115,1,flexaggrod,0,2.7990000000000004
115,2,flexaggrod,0,2.7990000000000004
115,3,flexaggrod,1,3.254
116,0,flexaggrod,0,2.7990000000000004
116,1,flexaggrod,1,4.06
116,2,flexaggrod,0,3.254
116,3,flexaggrod,0,3.254
117,0,flexaggrod,0,2.284
117,1,flexaggrod,0,4.06
117,2,flexaggrod,1,2.284
117,3,flexaggrod,0,3.769
118,0,flexaggrod,0,2.7390000000000003
118,1,flexaggrod,0,2.284
118,2,flexaggrod,1,3.254
118,3,flexaggrod,0,2.7390000000000003
119,0,flexaggrod,0,3.254
119,1,flexaggrod,0,3.769
119,2,flexaggrod,1,3.769
119,3,flexaggrod,0,5.06
120,0,flexaggrod,1,2.7990000000000004
120,1,flexaggrod,0,2.284
120,2,flexaggrod,0,3.769
120,3,flexaggrod,0,4.09
121,0,flexaggrod,0,2.769
121,1,flexaggrod,0,4.09
121,2,flexaggrod,0,3.254
121,3,flexaggrod,1,3.254
122,0,flexaggrod,0,2.284
122,1,flexaggrod,0,5.06
122,2,flexaggrod,0,4.06
122,3,flexaggrod,1,4.09
123,0,flexaggrod,0,3.254
123,1,flexaggrod,0,3.254
123,2,flexaggrod,1,2.284
123,3,flexaggrod,0,3.769
124,0,flexaggrod,1,3.769
124,1,flexaggrod,0,2.284
124,2,flexaggrod,0,2.7390000000000003
124,3,flexaggrod,0,3.769
125,0,flexaggrod,0,4.06
125,1,flexaggrod,0,3.254
125,2,flexaggrod,0,3.254
125,3,flexaggrod,1,5.06
126,0,flexaggrod,0,3.769
126,1,flexaggrod,1,1.7690000000000001
126,2,flexaggrod,0,3.254
126,3,flexaggrod,0,4.06
127,0,flexaggrod,0,3.254
127,1,flexaggrod,0,2.7990000000000004
127,2,flexaggrod,0,3.254
127,3,flexaggrod,1,2.7990000000000004
128,0,flexaggrod,0,2.7990000000000004
128,1,flexaggrod,0,3.254
128,2,flexaggrod,0,2.254
128,3,flexaggrod,1,3.254
129,0,flexaggrod,0,4.09
129,1,flexaggrod,0,5.06
129,2,flexaggrod,0,4.09
129,3,flexaggrod,1,3.254
130,0,flexaggrod,1,2.7990000000000004
130,1,flexaggrod,0,2.7390000000000003
130,2,flexaggrod,0,2.254
130,3,flexaggrod,0,3.254
131,0,flexaggrod,0,3.769
131,1,flexaggrod,1,3.254
131,2,flexaggrod,0,2.284
131,3,flexaggrod,0,2.769
132,0,flexaggrod,0,2.7990000000000004
132,1,flexaggrod,0,3.769
132,2,flexaggrod,1,3.254
132,3,flexaggrod,0,2.284
133,0,flexaggrod,0,3.254
133,1,flexaggrod,1,2.769
133,2,flexaggrod,0,3.769
133,3,flexaggrod,0,2.7390000000000003
134,0,flexaggrod,1,2.254
134,1,flexaggrod,0,3.769
134,2,flexaggrod,0,3.254
134,3,flexaggrod,0,2.7390000000000003
135,0,flexaggrod,0,4.03
135,1,flexaggrod,0,2.7390000000000003
135,2,flexaggrod,1,2.284
135,3,flexaggrod,0,1.829
136,0,flexaggrod,0,4.09
136,1,flexaggrod,1,4.06
136,2,flexaggrod,0,5.06
136,3,flexaggrod,0,2.7390000000000003
137,0,flexaggrod,0,2.284
137,1,flexaggrod,0,3.0300000000000002
137,2,flexaggrod,0,5.06
137,3,flexaggrod,1,3.254
138,0,flexaggrod,0,3.0900000000000003
138,1,flexaggrod,0,2.7990000000000004
138,2,flexaggrod,1,1.799
138,3,flexaggrod,0,2.7390000000000003
139,0,flexaggrod,0,2.7390000000000003
139,1,flexaggrod,0,2.769
139,2,flexaggrod,0,4.09
139,3,flexaggrod,1,2.284
140,0,flexaggrod,0,3.769
140,1,flexaggrod,0,4.09
140,2,flexaggrod,0,2.7390000000000003
140,3,flexaggrod,1,2.284
141,0,flexaggrod,0,1.7690000000000001
141,1,flexaggrod,0,4.09
141,2,flexaggrod,0,4.09
141,3,flexaggrod,1,2.769
142,0,flexaggrod,0,2.7990000000000004
142,1,flexaggrod,0,1.799
142,2,flexaggrod,1,3.254
142,3,flexaggrod,0,2.7990000000000004
143,0,flexaggrod,0,3.769
143,1,flexaggrod,0,4.06
143,2,flexaggrod,0,2.7390000000000003
143,3,flexaggrod,1,2.769
144,0,flexaggrod,1,2.2239999999999998
144,1,flexaggrod,0,3.769
144,2,flexaggrod,0,4.09
144,3,flexaggrod,0,2.254
145,0,flexaggrod,0,5.06
145,1,flexaggrod,0,3.769
145,2,flexaggrod,0,3.769
145,3,flexaggrod,0,3.254
146,0,flexaggrod,0,3.254
146,1,flexaggrod,1,2.7390000000000003
146,2,flexaggrod,0,2.7390000000000003
146,3,flexaggrod,0,3.769
147,0,flexaggrod,0,3.769
147,1,flexaggrod,0,2.254
147,2,flexaggrod,0,2.254
147,3,flexaggrod,0,3.769
148,0,flexaggrod,0,3.769
148,1,flexaggrod,0,4.09
148,2,flexaggrod,0,2.769
148,3,flexaggrod,1,5.06
149,0,flexaggrod,1,2.7390000000000003
149,1,flexaggrod,0,2.7390000000000003
149,2,flexaggrod,0,3.254
149,3,flexaggrod,0,3.769
150,0,flexaggrod,0,2.284
150,1,flexaggrod,0,4.09
150,2,flexaggrod,0,3.254
150,3,flexaggrod,1,3.769
151,0,flexaggrod,0,2.7990000000000004
151,1,flexaggrod,0,2.7390000000000003
151,2,flexaggrod,1,3.254
151,3,flexaggrod,0,2.2239999999999998
152,0,flexaggrod,0,2.769
152,1,flexaggrod,0,2.254
152,2,flexaggrod,0,3.254
152,3,flexaggrod,0,3.254
153,0,flexaggrod,0,5.06
153,1,flexaggrod,0,3.254
153,2,flexaggrod,1,2.7390000000000003
153,3,flexaggrod,0,4.06
154,0,flexaggrod,0,3.769
154,1,flexaggrod,0,3.12
154,2,flexaggrod,0,3.254
154,3,flexaggrod,1,1.829
155,0,flexaggrod,0,3.254
155,1,flexaggrod,0,2.7990000000000004
155,2,flexaggrod,1,4.09
155,3,flexaggrod,0,1.799
156,0,flexaggrod,0,2.284
156,1,flexaggrod,1,2.254
156,2,flexaggrod,0,2.7390000000000003
156,3,flexaggrod,0,3.254
157,0,flexaggrod,1,1.829
157,1,flexaggrod,0,3.769
157,2,flexaggrod,0,2.769
157,3,flexaggrod,0,5.06
158,0,flexaggrod,0,3.769
158,1,flexaggrod,0,3.254
158,2,flexaggrod,1,2.7990000000000004
158,3,flexaggrod,0,4.09
159,0,flexaggrod,0,4.09
159,1,flexaggrod,0,3.254
159,2,flexaggrod,0,2.7390000000000003
159,3,flexaggrod,1,1.739
160,0,flexaggrod,0,4.06
160,1,flexaggrod,0,5.06
160,2,flexaggrod,1,1.829
160,3,flexaggrod,0,2.284
161,0,flexaggrod,0,4.06
161,1,flexaggrod,0,3.254
161,2,flexaggrod,0,3.254
161,3,flexaggrod,1,2.7390000000000003
162,0,flexaggrod,0,5.06
162,1,flexaggrod,0,3.769
162,2,flexaggrod,1,2.254
162,3,flexaggrod,0,3.769
163,0,flexaggrod,0,3.769
163,1,flexaggrod,0,2.254
163,2,flexaggrod,0,4.06
163,3,flexaggrod,1,3.769
164,0,flexaggrod,0,4.06
164,1,flexaggrod,0,3.254
164,2,flexaggrod,1,4.06
164,3,flexaggrod,0,3.769
165,0,flexaggrod,0,5.06
165,1,flexaggrod,0,2.7990000000000004
165,2,flexaggrod,1,3.769
165,3,flexaggrod,0,2.284
166,0,flexaggrod,0,2.7390000000000003
166,1,flexaggrod,0,1.739
166,2,flexaggrod,0,3.254
166,3,flexaggrod,1,1.7690000000000001
167,0,flexaggrod,0,4.09
167,1,flexaggrod,0,4.06
167,2,flexaggrod,1,3.254
167,3,flexaggrod,0,2.2239999999999998
168,0,flexaggrod,1,2.2239999999999998
168,1,flexaggrod,0,5.06
168,2,flexaggrod,0,4.06
168,3,flexaggrod,0,3.254
169,0,flexaggrod,0,1.829
169,1,flexaggrod,0,3.254
169,2,flexaggrod,0,2.254
169,3,flexaggrod,1,2.7390000000000003
170,0,flexaggrod,0,2.284
170,1,flexaggrod,1,1.829
170,2,flexaggrod,0,2.2239999999999998
170,3,flexaggrod,0,2.7390000000000003
171,0,flexaggrod,0,3.12
171,1,flexaggrod,0,3.769
171,2,flexaggrod,1,2.284
171,3,flexaggrod,0,3.06
172,0,flexaggrod,0,2.7390000000000003
172,1,flexaggrod,0,3.254
172,2,flexaggrod,0,2.284
172,3,flexaggrod,1,3.254
173,0,flexaggrod,0,3.254
173,1,flexaggrod,0,2.7990000000000004
173,2,flexaggrod,1,2.284
173,3,flexaggrod,0,4.09
174,0,flexaggrod,0,3.769
174,1,flexaggrod,0,2.284
174,2,flexaggrod,0,1.7690000000000001
174,3,flexaggrod,1,2.284
175,0,flexaggrod,0,4.09
175,1,flexaggrod,0,2.7990000000000004
175,2,flexaggrod,0,3.769
175,3,flexaggrod,1,3.12
176,0,flexaggrod,0,3.254
176,1,flexaggrod,1,2.7990000000000004
176,2,flexaggrod,0,4.06
176,3,flexaggrod,0,3.254
177,0,flexaggrod,0,1.829
177,1,flexaggrod,0,2.769
177,2,flexaggrod,0,2.254
177,3,flexaggrod,0,3.254
178,0,flexaggrod,0,2.7990000000000004
178,1,flexaggrod,0,2.254
178,2,flexaggrod,1,3.254
178,3,flexaggrod,0,3.769
179,0,flexaggrod,1,2.7390000000000003
179,1,flexaggrod,0,3.254
179,2,flexaggrod,0,2.7390000000000003
179,3,flexaggrod,0,2.769
180,0,flexaggrod,0,3.769
180,1,flexaggrod,0,1.829
180,2,flexaggrod,0,2.254
180,3,flexaggrod,0,3.769
181,0,flexaggrod,0,2.7990000000000004
181,1,flexaggrod,0,2.7390000000000003
181,2,flexaggrod,0,3.254
181,3,flexaggrod,0,3.12
182,0,flexaggrod,0,3.769
182,1,flexaggrod,0,2.7390000000000003
182,2,flexaggrod,0,1.829
182,3,flexaggrod,1,2.769
183,0,flexaggrod,0,4.09
183,1,flexaggrod,1,2.7990000000000004
183,2,flexaggrod,0,2.7390000000000003
183,3,flexaggrod,0,4.03
184,0,flexaggrod,0,4.03
184,1,flexaggrod,0,2.7990000000000004
184,2,flexaggrod,1,2.284
184,3,flexaggrod,0,3.769
185,0,flexaggrod,0,2.769
185,1,flexaggrod,0,2.7390000000000003
185,2,flexaggrod,0,2.7990000000000004
185,3,flexaggrod,0,1.7690000000000001
186,0,flexaggrod,0,2.7390000000000003
186,1,flexaggrod,1,3.12
186,2,flexaggrod,0,3.254
186,3,flexaggrod,0,3.06
187,0,flexaggrod,0,2.769
187,1,flexaggrod,0,3.254
187,2,flexaggrod,0,3.254
187,3,flexaggrod,1,2.769
188,0,flexaggrod,1,4.09
188,1,flexaggrod,0,4.06
188,2,flexaggrod,0,2.7990000000000004
188,3,flexaggrod,0,2.7990000000000004
189,0,flexaggrod,0,5.06
189,1,flexaggrod,0,3.254
189,2,flexaggrod,1,3.769
189,3,flexaggrod,0,1.739
190,0,flexaggrod,0,2.7390000000000003
190,1,flexaggrod,1,2.7390000000000003
190,2,flexaggrod,0,3.12
190,3,flexaggrod,0,3.769
191,0,flexaggrod,0,3.769
191,1,flexaggrod,1,4.09
191,2,flexaggrod,0,3.254
191,3,flexaggrod,0,3.12
192,0,flexaggrod,0,3.769
192,1,flexaggrod,0,2.7990000000000004
192,2,flexaggrod,0,4.09
192,3,flexaggrod,1,4.06
193,0,flexaggrod,0,2.284
193,1,flexaggrod,1,3.254
193,2,flexaggrod,0,2.2239999999999998
193,3,flexaggrod,0,3.12
194,0,flexaggrod,0,2.7990000000000004
194,1,flexaggrod,1,4.09
194,2,flexaggrod,0,3.769
194,3,flexaggrod,0,3.769
195,0,flexaggrod,0,3.254
195,1,flexaggrod,0,4.09
195,2,flexaggrod,0,2.7990000000000004
195,3,flexaggrod,0,2.7390000000000003
196,0,flexaggrod,1,1.829
196,1,flexaggrod,0,2.7990000000000004
196,2,flexaggrod,0,3.769
196,3,flexaggrod,0,2.284
197,0,flexaggrod,0,2.769
197,1,flexaggrod,0,3.254
197,2,flexaggrod,0,2.2239999999999998
197,3,flexaggrod,1,2.7390000000000003
198,0,flexaggrod,0,2.7390000000000003
198,1,flexaggrod,1,2.7990000000000004
198,2,flexaggrod,0,3.12
198,3,flexaggrod,0,3.769
199,0,flexaggrod,1,2.7390000000000003
199,1,flexaggrod,0,4.06
199,2,flexaggrod,0,3.254
199,3,flexaggrod,0,2.284
200,0,flexaggrod,1,2.769
200,1,flexaggrod,0,4.09
200,2,flexaggrod,0,2.769
200,3,flexaggrod,0,3.254
201,0,flexaggrod,0,2.7390000000000003
201,1,flexaggrod,0,3.769
201,2,flexaggrod,0,2.284
201,3,flexaggrod,1,3.254
202,0,flexaggrod,0,5.06
202,1,flexaggrod,0,3.769
202,2,flexaggrod,1,2.284
202,3,flexaggrod,0,3.769
203,0,flexaggrod,0,3.254
203,1,flexaggrod,0,2.254
203,2,flexaggrod,0,3.0900000000000003
203,3,flexaggrod,1,2.254
204,0,flexaggrod,1,3.769
204,1,flexaggrod,0,2.7390000000000003
204,2,flexaggrod,0,3.0900000000000003
204,3,flexaggrod,0,3.254
205,0,flexaggrod,0,4.06
205,1,flexaggrod,0,4.06
205,2,flexaggrod,1,5.06
205,3,flexaggrod,0,2.254
206,0,flexaggrod,0,3.12
206,1,flexaggrod,0,3.769
206,2,flexaggrod,0,3.06
206,3,flexaggrod,1,3.769
207,0,flexaggrod,0,2.7390000000000003
207,1,flexaggrod,1,3.769
207,2,flexaggrod,0,1.7690000000000001
207,3,flexaggrod,0,1.829
208,0,flexaggrod,0,2.284
208,1,flexaggrod,0,4.09
208,2,flexaggrod,1,3.12
208,3,flexaggrod,0,3.769
209,0,flexaggrod,0,3.254
209,1,flexaggrod,0,2.284
209,2,flexaggrod,1,2.284
209,3,flexaggrod,0,2.769
210,0,flexaggrod,0,2.769
210,1,flexaggrod,0,2.7390000000000003
210,2,flexaggrod,0,2.2239999999999998
210,3,flexaggrod,1,2.769
211,0,flexaggrod,0,2.7990000000000004
211,1,flexaggrod,0,3.254
211,2,flexaggrod,0,3.12
211,3,flexaggrod,1,2.7390000000000003
212,0,flexaggrod,0,3.254
212,1,flexaggrod,0,2.769
212,2,flexaggrod,1,3.254
212,3,flexaggrod,0,3.254
213,0,flexaggrod,1,3.12
213,1,flexaggrod,0,2.284
213,2,flexaggrod,0,3.254
213,3,flexaggrod,0,5.06
214,0,flexaggrod,0,3.769
214,1,flexaggrod,0,2.769
214,2,flexaggrod,0,2.7990000000000004
214,3,flexaggrod,1,3.254
215,0,flexaggrod,0,3.769
215,1,flexaggrod,1,1.709
215,2,flexaggrod,0,2.769
215,3,flexaggrod,0,2.769
216,0,flexaggrod,0,4.06
216,1,flexaggrod,0,3.769
216,2,flexaggrod,1,3.254
216,3,flexaggrod,0,2.2239999999999998
217,0,flexaggrod,0,2.7990000000000004
217,1,flexaggrod,0,3.254
217,2,flexaggrod,1,4.06
217,3,flexaggrod,0,2.284
218,0,flexaggrod,0,2.7990000000000004
218,1,flexaggrod,0,3.12
218,2,flexaggrod,1,3.254
218,3,flexaggrod,0,2.7990000000000004
219,0,flexaggrod,0,2.7390000000000003
219,1,flexaggrod,0,3.769
219,2,flexaggrod,0,2.7990000000000004
219,3,flexaggrod,1,2.769
220,0,flexaggrod,1,2.7990000000000004
220,1,flexaggrod,0,2.2239999999999998
220,2,flexaggrod,0,2.284
220,3,flexaggrod,0,2.769
221,0,flexaggrod,0,2.7990000000000004
221,1,flexaggrod,0,4.06
221,2,flexaggrod,1,1.829
221,3,flexaggrod,0,2.769
222,0,flexaggrod,1,2.2239999999999998
222,1,flexaggrod,0,3.254
222,2,flexaggrod,0,2.7990000000000004
222,3,flexaggrod,0,2.7390000000000003
223,0,flexaggrod,0,2.7990000000000004
223,1,flexaggrod,1,1.7690000000000001
223,2,flexaggrod,0,4.06
223,3,flexaggrod,0,2.7990000000000004
224,0,flexaggrod,0,2.284
224,1,flexaggrod,0,5.06
224,2,flexaggrod,1,2.7990000000000004
224,3,flexaggrod,0,2.7990000000000004
225,0,flexaggrod,0,2.254
225,1,flexaggrod,0,1.829
225,2,flexaggrod,0,2.284
225,3,flexaggrod,1,2.7990000000000004
226,0,flexaggrod,1,3.769
226,1,flexaggrod,0,4.06
226,2,flexaggrod,0,3.769
226,3,flexaggrod,0,3.0900000000000003
227,0,flexaggrod,0,2.769
227,1,flexaggrod,0,3.769
227,2,flexaggrod,0,4.09
227,3,flexaggrod,1,3.254
228,0,flexaggrod,1,2.284
228,1,flexaggrod,0,3.769
228,2,flexaggrod,0,4.09
228,3,flexaggrod,0,2.7990000000000004
229,0,flexaggrod,0,2.7990000000000004
229,1,flexaggrod,1,3.254
229,2,flexaggrod,0,3.769
229,3,flexaggrod,0,3.254
230,0,flexaggrod,0,3.0900000000000003
230,1,flexaggrod,0,3.12
230,2,flexaggrod,0,3.769
230,3,flexaggrod,1,2.7990000000000004
231,0,flexaggrod,0,3.769
231,1,flexaggrod,0,2.769
231,2,flexaggrod,0,3.254
231,3,flexaggrod,1,3.254
232,0,flexaggrod,1,2.7390000000000003
232,1,flexaggrod,0,1.829
232,2,flexaggrod,0,3.254
232,3,flexaggrod,0,2.769
233,0,flexaggrod,0,2.7390000000000003
233,1,flexaggrod,0,4.09
233,2,flexaggrod,0,2.7990000000000004
233,3,flexaggrod,1,1.829
234,0,flexaggrod,0,3.769
234,1,flexaggrod,0,3.254
234,2,flexaggrod,1,3.769
234,3,flexaggrod,0,3.769
235,0,flexaggrod,0,1.739
235,1,flexaggrod,0,2.7390000000000003
235,2,flexaggrod,0,4.09
235,3,flexaggrod,1,2.284
236,0,flexaggrod,1,3.254
236,1,flexaggrod,0,2.769
236,2,flexaggrod,0,3.12
236,3,flexaggrod,0,2.7390000000000003
237,0,flexaggrod,0,2.7390000000000003
237,1,flexaggrod,0,3.254
237,2,flexaggrod,1,2.284
237,3,flexaggrod,0,3.254
238,0,flexaggrod,0,3.769
238,1,flexaggrod,0,3.254
238,2,flexaggrod,1,3.769
238,3,flexaggrod,0,2.284
239,0,flexaggrod,0,3.769
239,1,flexaggrod,0,4.09
239,2,flexaggrod,1,1.799
239,3,flexaggrod,0,1.799
240,0,flexaggrod,0,2.7390000000000003
240,1,flexaggrod,0,2.7390000000000003
240,2,flexaggrod,1,2.769
240,3,flexaggrod,0,2.7390000000000003
241,0,flexaggrod,0,2.7990000000000004
241,1,flexaggrod,0,3.769
241,2,flexaggrod,0,3.254
241,3,flexaggrod,1,3.769
242,0,flexaggrod,1,3.254
242,1,flexaggrod,0,3.254
242,2,flexaggrod,0,3.254
242,3,flexaggrod,0,1.829
243,0,flexaggrod,1,5.06
243,1,flexaggrod,0,3.254
243,2,flexaggrod,0,4.06
243,3,flexaggrod,0,2.7390000000000003
244,0,flexaggrod,0,2.284
244,1,flexaggrod,0,2.284
244,2,flexaggrod,0,4.06
244,3,flexaggrod,1,2.2239999999999998
245,0,flexaggrod,0,3.12
245,1,flexaggrod,0,2.284
245,2,flexaggrod,1,2.7990000000000004
245,3,flexaggrod,0,2.7390000000000003
246,0,flexaggrod,0,5.06
246,1,flexaggrod,0,5.06
246,2,flexaggrod,1,3.254
246,3,flexaggrod,0,4.06
247,0,flexaggrod,0,2.7990000000000004
247,1,flexaggrod,0,2.284
247,2,flexaggrod,0,3.12
247,3,flexaggrod,1,2.284
248,0,flexaggrod,0,2.254
248,1,flexaggrod,0,3.769
248,2,flexaggrod,1,2.7990000000000004
248,3,flexaggrod,0,3.254
249,0,flexaggrod,0,4.09
249,1,flexaggrod,0,2.254
249,2,flexaggrod,0,3.769
249,3,flexaggrod,1,2.254
250,0,flexaggrod,1,4.03
250,1,flexaggrod,0,3.769
250,2,flexaggrod,0,3.254
250,3,flexaggrod,0,2.7990000000000004
251,0,flexaggrod,0,3.0900000000000003
251,1,flexaggrod,0,3.254
251,2,flexaggrod,1,4.09
251,3,flexaggrod,0,3.769
252,0,flexaggrod,1,3.254
252,1,flexaggrod,0,2.254
252,2,flexaggrod,0,3.254
252,3,flexaggrod,0,3.769
253,0,flexaggrod,0,3.254
253,1,flexaggrod,1,2.254
253,2,flexaggrod,0,4.06
253,3,flexaggrod,1,3.254
254,0,flexaggrod,0,5.06
254,1,flexaggrod,0,2.7990000000000004
254,2,flexaggrod,0,3.769
254,3,flexaggrod,1,2.284
255,0,flexaggrod,0,3.12
255,1,flexaggrod,1,3.254
255,2,flexaggrod,0,3.254
255,3,flexaggrod,0,3.769
256,0,flexaggrod,0,4.09
256,1,flexaggrod,0,2.7390000000000003
256,2,flexaggrod,0,2.7990000000000004
256,3,flexaggrod,1,1.709
257,0,flexaggrod,0,4.09
257,1,flexaggrod,0,4.09
257,2,flexaggrod,0,3.254
257,3,flexaggrod,1,3.769
258,0,flexaggrod,1,3.769
258,1,flexaggrod,0,3.254
258,2,flexaggrod,0,2.769
258,3,flexaggrod,0,2.7390000000000003
259,0,flexaggrod,0,3.769
259,1,flexaggrod,1,1.7690000000000001
259,2,flexaggrod,0,3.254
259,3,flexaggrod,0,3.254
260,0,flexaggrod,0,2.7990000000000004
260,1,flexaggrod,0,3.254
260,2,flexaggrod,0,3.254
260,3,flexaggrod,0,1.799
261,0,flexaggrod,0,3.254
261,1,flexaggrod,0,2.7990000000000004
261,2,flexaggrod,0,2.254
261,3,flexaggrod,1,3.769
262,0,flexaggrod,1,2.2239999999999998
262,1,flexaggrod,0,3.254
262,2,flexaggrod,0,3.769
262,3,flexaggrod,0,2.7390000000000003
263,0,flexaggrod,0,2.7390000000000003
263,1,flexaggrod,1,2.7990000000000004
263,2,flexaggrod,0,3.254
263,3,flexaggrod,0,2.2239999999999998
264,0,flexaggrod,1,3.0900000000000003
264,1,flexaggrod,0,4.06
264,2,flexaggrod,0,3.254
264,3,flexaggrod,0,2.769
265,0,flexaggrod,0,3.769
265,1,flexaggrod,0,5.06
265,2,flexaggrod,1,2.769
265,3,flexaggrod,0,3.769
266,0,flexaggrod,0,2.769
266,1,flexaggrod,1,3.254
266,2,flexaggrod,0,4.03
266,3,flexaggrod,0,5.06
267,0,flexaggrod,0,5.06
267,1,flexaggrod,0,2.7390000000000003
267,2,flexaggrod,0,5.06
267,3,flexaggrod,1,3.254
268,0,flexaggrod,0,3.254
268,1,flexaggrod,0,2.7990000000000004
268,2,flexaggrod,1,2.769
268,3,flexaggrod,0,3.769
269,0,flexaggrod,0,3.254
269,1,flexaggrod,1,1.2839999999999998
269,2,flexaggrod,0,3.769
269,3,flexaggrod,0,3.769
270,0,flexaggrod,1,2.7390000000000003
270,1,flexaggrod,0,2.284
270,2,flexaggrod,0,4.06
270,3,flexaggrod,0,3.254
271,0,flexaggrod,0,2.7990000000000004
271,1,flexaggrod,0,2.769
271,2,flexaggrod,1,4.09
271,3,flexaggrod,0,2.7390000000000003
272,0,flexaggrod,0,4.03
272,1,flexaggrod,0,2.7990000000000004
272,2,flexaggrod,1,5.06
272,3,flexaggrod,0,3.12
273,0,flexaggrod,0,2.284
273,1,flexaggrod,1,5.06
273,2,flexaggrod,0,2.7390000000000003
273,3,flexaggrod,0,3.0900000000000003
274,0,flexaggrod,0,3.254
274,1,flexaggrod,0,4.09
274,2,flexaggrod,1,2.7990000000000004
274,3,flexaggrod,0,2.7990000000000004
275,0,flexaggrod,0,2.769
275,1,flexaggrod,0,3.254
275,2,flexaggrod,0,3.769
275,3,flexaggrod,1,3.12
276,0,flexaggrod,1,2.2239999999999998
276,1,flexaggrod,0,3.12
276,2,flexaggrod,0,2.7390000000000003
276,3,flexaggrod,0,5.06
277,0,flexaggrod,0,3.0900000000000003
277,1,flexaggrod,1,2.7990000000000004
277,2,flexaggrod,0,2.284
277,3,flexaggrod,0,2.7390000000000003
278,0,flexaggrod,0,3.254
278,1,flexaggrod,0,3.769
278,2,flexaggrod,0,2.769
278,3,flexaggrod,0,4.09
279,0,flexaggrod,0,2.769
279,1,flexaggrod,1,2.7390000000000003
279,2,flexaggrod,0,3.769
279,3,flexaggrod,0,3.254
280,0,flexaggrod,0,2.7390000000000003
280,1,flexaggrod,0,1.799
280,2,flexaggrod,1,2.2239999999999998
280,3,flexaggrod,0,3.254
281,0,flexaggrod,1,2.7390000000000003
281,1,flexaggrod,0,3.254
281,2,flexaggrod,0,4.09
281,3,flexaggrod,0,2.769
282,0,flexaggrod,0,3.769
282,1,flexaggrod,0,4.06
282,2,flexaggrod,0,3.769
282,3,flexaggrod,1,2.7990000000000004
283,0,flexaggrod,0,3.254
283,1,flexaggrod,1,3.769
283,2,flexaggrod,0,2.7390000000000003
283,3,flexaggrod,0,2.7390000000000003
284,0,flexaggrod,0,3.254
284,1,flexaggrod,0,1.3139999999999998
284,2,flexaggrod,1,3.254
284,3,flexaggrod,0,2.7990000000000004
285,0,flexaggrod,0,4.06
285,1,flexaggrod,0,4.09
285,2,flexaggrod,1,1.799
285,3,flexaggrod,0,3.769
286,0,flexaggrod,0,5.06
286,1,flexaggrod,1,4.06
286,2,flexaggrod,0,3.0900000000000003
286,3,flexaggrod,0,4.09
287,0,flexaggrod,0,2.254
287,1,flexaggrod,0,2.7990000000000004
287,2,flexaggrod,1,2.7990000000000004
287,3,flexaggrod,0,3.769
288,0,flexaggrod,0,3.769
288,1,flexaggrod,0,2.284
288,2,flexaggrod,1,3.769
288,3,flexaggrod,0,2.7990000000000004
289,0,flexaggrod,0,3.769
289,1,flexaggrod,1,2.284
289,2,flexaggrod,0,3.254
289,3,flexaggrod,0,3.254
290,0,flexaggrod,0,3.769
290,1,flexaggrod,0,2.7990000000000004
290,2,flexaggrod,0,3.769
290,3,flexaggrod,1,3.254
291,0,flexaggrod,1,3.12
291,1,flexaggrod,0,3.254
291,2,flexaggrod,0,3.769
291,3,flexaggrod,0,2.7990000000000004
292,0,flexaggrod,1,2.769
292,1,flexaggrod,0,2.7990000000000004
292,2,flexaggrod,0,2.7390000000000003
292,3,flexaggrod,0,2.7390000000000003
293,0,flexaggrod,1,5.06
293,1,flexaggrod,0,2.7990000000000004
293,2,flexaggrod,0,2.284
293,3,flexaggrod,0,3.769
294,0,flexaggrod,0,4.09
294,1,flexaggrod,0,1.7690000000000001
294,2,flexaggrod,1,2.7990000000000004
294,3,flexaggrod,0,3.769
295,0,flexaggrod,0,2.769
295,1,flexaggrod,0,1.7690000000000001
295,2,flexaggrod,0,2.7990000000000004
295,3,flexaggrod,1,1.254
296,0,flexaggrod,0,4.09
296,1,flexaggrod,0,3.769
296,2,flexaggrod,1,2.2239999999999998
296,3,flexaggrod,0,2.7390000000000003
297,0,flexaggrod,1,2.284
297,1,flexaggrod,0,3.254
297,2,flexaggrod,0,3.254
297,3,flexaggrod,0,2.7990000000000004
298,0,flexaggrod,0,3.254
298,1,flexaggrod,0,5.06
298,2,flexaggrod,1,1.739
298,3,flexaggrod,0,3.769
299,0,flexaggrod,1,3.769
299,1,flexaggrod,0,3.769
299,2,flexaggrod,0,2.7990000000000004
299,3,flexaggrod,0,5.06
300,0,flexaggrod,1,3.769
300,1,flexaggrod,0,1.829
300,2,flexaggrod,0,2.254
300,3,flexaggrod,1,3.769
301,0,flexaggrod,0,2.769
301,1,flexaggrod,0,2.7390000000000003
301,2,flexaggrod,1,2.7390000000000003
301,3,flexaggrod,0,4.09
302,0,flexaggrod,0,4.06
302,1,flexaggrod,1,3.254
302,2,flexaggrod,0,3.769
302,3,flexaggrod,0,3.769
303,0,flexaggrod,0,3.769
303,1,flexaggrod,1,2.7390000000000003
303,2,flexaggrod,0,2.7990000000000004
303,3,flexaggrod,0,3.0900000000000003
304,0,flexaggrod,0,4.06
304,1,flexaggrod,0,2.769
304,2,flexaggrod,0,4.06
304,3,flexaggrod,1,3.0900000000000003
305,0,flexaggrod,0,3.254
305,1,flexaggrod,0,3.254
305,2,flexaggrod,0,2.7390000000000003
305,3,flexaggrod,1,2.7990000000000004
306,0,flexaggrod,0,3.254
306,1,flexaggrod,1,3.06
306,2,flexaggrod,0,2.7990000000000004
306,3,flexaggrod,0,1.739
307,0,flexaggrod,0,5.06
307,1,flexaggrod,0,2.769
307,2,flexaggrod,1,3.254
307,3,flexaggrod,0,3.769
308,0,flexaggrod,0,4.09
308,1,flexaggrod,0,2.7990000000000004
308,2,flexaggrod,0,2.7990000000000004
308,3,flexaggrod,1,4.09
309,0,flexaggrod,1,1.829
309,1,flexaggrod,0,4.06
309,2,flexaggrod,0,1.799
309,3,flexaggrod,0,3.254
310,0,flexaggrod,0,3.254
310,1,flexaggrod,1,2.7990000000000004
310,2,flexaggrod,0,3.769
310,3,flexaggrod,1,2.769
311,0,flexaggrod,1,2.7990000000000004
311,1,flexaggrod,0,3.769
311,2,flexaggrod,0,2.7990000000000004
311,3,flexaggrod,0,3.254
312,0,flexaggrod,1,4.09
312,1,flexaggrod,0,3.769
312,2,flexaggrod,0,3.254
312,3,flexaggrod,0,2.769
313,0,flexaggrod,1,5.06
313,1,flexaggrod,0,4.03
313,2,flexaggrod,0,4.09
313,3,flexaggrod,0,3.769
314,0,flexaggrod,1,3.769
314,1,flexaggrod,0,2.2239999999999998
314,2,flexaggrod,0,3.769
314,3,flexaggrod,0,3.769
315,0,flexaggrod,1,2.7390000000000003
315,1,flexaggrod,0,4.06
315,2,flexaggrod,0,2.7990000000000004
315,3,flexaggrod,0,4.09
316,0,flexaggrod,0,5.06
316,1,flexaggrod,1,3.769
316,2,flexaggrod,0,2.7990000000000004
316,3,flexaggrod,0,3.769
317,0,flexaggrod,0,2.7390000000000003
317,1,flexaggrod,0,2.254
317,2,flexaggrod,1,2.769
317,3,flexaggrod,0,5.06
318,0,flexaggrod,0,3.0900000000000003
318,1,flexaggrod,0,2.7990000000000004
318,2,flexaggrod,1,2.284
318,3,flexaggrod,0,3.769
319,0,flexaggrod,1,-0.33499999999999996
319,1,flexaggrod,0,3.254
319,2,flexaggrod,0,2.7990000000000004
319,3,flexaggrod,0,2.769
320,0,flexaggrod,0,4.03
320,1,flexaggrod,0,3.769
320,2,flexaggrod,1,2.769
320,3,flexaggrod,0,2.7990000000000004
321,0,flexaggrod,0,1.799
321,1,flexaggrod,0,2.7390000000000003
321,2,flexaggrod,1,2.7390000000000003
321,3,flexaggrod,0,3.769
322,0,flexaggrod,0,2.7990000000000004
322,1,flexaggrod,0,3.769
322,2,flexaggrod,0,5.06
322,3,flexaggrod,1,3.254
323,0,flexaggrod,0,3.254
323,1,flexaggrod,0,2.7390000000000003
323,2,flexaggrod,1,4.06
323,3,flexaggrod,0,3.769
324,0,flexaggrod,0,5.06
324,1,flexaggrod,1,2.769
324,2,flexaggrod,0,3.769
324,3,flexaggrod,0,2.769
325,0,flexaggrod,0,1.799
325,1,flexaggrod,1,2.769
325,2,flexaggrod,0,2.7990000000000004
325,3,flexaggrod,0,3.769
326,0,flexaggrod,0,4.06
326,1,flexaggrod,0,2.7390000000000003
326,2,flexaggrod,0,2.7390000000000003
326,3,flexaggrod,1,2.7990000000000004
327,0,flexaggrod,0,2.7990000000000004
327,1,flexaggrod,0,1.7690000000000001
327,2,flexaggrod,1,4.06
327,3,flexaggrod,0,3.254
328,0,flexaggrod,0,3.769
328,1,flexaggrod,0,3.254
328,2,flexaggrod,1,3.769
328,3,flexaggrod,0,4.09
329,0,flexaggrod,0,1.7690000000000001
329,1,flexaggrod,0,3.254
329,2,flexaggrod,0,3.254
329,3,flexaggrod,1,3.254
330,0,flexaggrod,0,4.06
330,1,flexaggrod,0,4.09
330,2,flexaggrod,0,2.7390000000000003
330,3,flexaggrod,1,3.254
331,0,flexaggrod,0,2.2239999999999998
331,1,flexaggrod,0,3.254
331,2,flexaggrod,0,2.7990000000000004
331,3,flexaggrod,1,3.254
332,0,flexaggrod,1,2.7990000000000004
332,1,flexaggrod,0,4.06
332,2,flexaggrod,0,3.769
332,3,flexaggrod,0,2.7390000000000003
333,0,flexaggrod,0,2.254
333,1,flexaggrod,0,1.254
333,2,flexaggrod,1,3.254
333,3,flexaggrod,0,2.7390000000000003
334,0,flexaggrod,0,4.09
334,1,flexaggrod,0,2.2239999999999998
334,2,flexaggrod,1,2.7990000000000004
334,3,flexaggrod,0,4.09
335,0,flexaggrod,0,3.254
335,1,flexaggrod,1,2.7990000000000004
335,2,flexaggrod,0,2.254
335,3,flexaggrod,0,4.06
336,0,flexaggrod,0,2.7390000000000003
336,1,flexaggrod,0,2.7390000000000003
336,2,flexaggrod,1,3.769
336,3,flexaggrod,0,1.829
337,0,flexaggrod,1,3.769
337,1,flexaggrod,0,1.829
337,2,flexaggrod,0,3.769
337,3,flexaggrod,0,5.06
338,0,flexaggrod,0,3.769
338,1,flexaggrod,0,3.254
338,2,flexaggrod,1,1.7690000000000001
338,3,flexaggrod,0,2.7390000000000003
339,0,flexaggrod,0,3.254
339,1,flexaggrod,0,4.09
339,2,flexaggrod,0,2.7990000000000004
339,3,flexaggrod,1,2.7390000000000003
340,0,flexaggrod,0,3.06
340,1,flexaggrod,1,3.254
340,2,flexaggrod,0,2.7990000000000004
340,3,flexaggrod,0,3.769
341,0,flexaggrod,0,3.254
341,1,flexaggrod,1,4.06
341,2,flexaggrod,0,3.254
341,3,flexaggrod,0,2.284
342,0,flexaggrod,0,3.254
342,1,flexaggrod,1,2.284
342,2,flexaggrod,0,2.7990000000000004
342,3,flexaggrod,0,4.06
343,0,flexaggrod,1,4.06
343,1,flexaggrod,0,2.284
343,2,flexaggrod,0,2.284
343,3,flexaggrod,0,3.0300000000000002
344,0,flexaggrod,1,3.254
344,1,flexaggrod,0,2.7990000000000004
344,2,flexaggrod,0,3.254
344,3,flexaggrod,0,3.769
345,0,flexaggrod,1,2.284
345,1,flexaggrod,0,2.254
345,2,flexaggrod,0,3.254
345,3,flexaggrod,0,4.03
346,0,flexaggrod,0,3.254
346,1,flexaggrod,0,1.829
346,2,flexaggrod,1,2.769
346,3,flexaggrod,0,3.769
347,0,flexaggrod,0,4.09
347,1,flexaggrod,0,2.769
347,2,flexaggrod,0,3.254
347,3,flexaggrod,1,4.09
348,0,flexaggrod,0,3.254
348,1,flexaggrod,1,3.254
348,2,flexaggrod,0,3.769
348,3,flexaggrod,0,2.284
349,0,flexaggrod,0,3.769
349,1,flexaggrod,1,2.284
349,2,flexaggrod,0,4.06
349,3,flexaggrod,0,2.7390000000000003
350,0,flexaggrod,1,2.7990000000000004
350,1,flexaggrod,0,2.7990000000000004
350,2,flexaggrod,0,3.254
350,3,flexaggrod,0,2.284
351,0,flexaggrod,0,2.7390000000000003
351,1,flexaggrod,0,2.2239999999999998
351,2,flexaggrod,1,2.7990000000000004
351,3,flexaggrod,0,1.739
352,0,flexaggrod,1,2.7990000000000004
352,1,flexaggrod,0,3.254
352,2,flexaggrod,0,2.769
352,3,flexaggrod,0,2.7390000000000003
353,0,flexaggrod,0,3.769
353,1,flexaggrod,1,3.254
353,2,flexaggrod,0,2.254
353,3,flexaggrod,0,4.06
354,0,flexaggrod,0,3.254
354,1,flexaggrod,1,3.769
354,2,flexaggrod,0,3.769
354,3,flexaggrod,0,3.254
355,0,flexaggrod,0,3.254
355,1,flexaggrod,0,3.0900000000000003
355,2,flexaggrod,0,3.254
355,3,flexaggrod,1,1.7690000000000001
356,0,flexaggrod,0,3.769
356,1,flexaggrod,0,2.254
356,2,flexaggrod,1,3.06
356,3,flexaggrod,0,4.09
357,0,flexaggrod,0,3.769
357,1,flexaggrod,1,3.769
357,2,flexaggrod,0,4.03
357,3,flexaggrod,0,3.769
358,0,flexaggrod,1,2.769
358,1,flexaggrod,0,5.06
358,2,flexaggrod,0,3.769
358,3,flexaggrod,0,3.769
359,0,flexaggrod,0,3.254
359,1,flexaggrod,1,2.7990000000000004
359,2,flexaggrod,0,2.284
359,3,flexaggrod,0,2.769
360,0,flexaggrod,1,2.7390000000000003
360,1,flexaggrod,0,5.06
360,2,flexaggrod,0,2.7390000000000003
360,3,flexaggrod,0,1.829
361,0,flexaggrod,0,2.7390000000000003
361,1,flexaggrod,1,1.3139999999999998
361,2,flexaggrod,0,2.7990000000000004
361,3,flexaggrod,0,3.254
362,0,flexaggrod,0,4.09
362,1,flexaggrod,0,2.769
362,2,flexaggrod,1,2.284
362,3,flexaggrod,0,2.7990000000000004
363,0,flexaggrod,0,2.769
363,1,flexaggrod,0,2.7990000000000004
363,2,flexaggrod,0,3.254
363,3,flexaggrod,1,2.769
364,0,flexaggrod,0,4.09
364,1,flexaggrod,1,2.284
364,2,flexaggrod,0,2.284
364,3,flexaggrod,0,3.254
365,0,flexaggrod,1,2.769
365,1,flexaggrod,0,2.769
365,2,flexaggrod,0,3.254
365,3,flexaggrod,0,3.254
366,0,flexaggrod,0,3.254
366,1,flexaggrod,1,1.799
366,2,flexaggrod,0,3.254
366,3,flexaggrod,0,4.06
367,0,flexaggrod,0,2.284
367,1,flexaggrod,0,2.7390000000000003
367,2,flexaggrod,1,1.829
367,3,flexaggrod,0,2.769
368,0,flexaggrod,0,2.7390000000000003
368,1,flexaggrod,1,3.254
368,2,flexaggrod,0,3.254
368,3,flexaggrod,0,3.254
369,0,flexaggrod,0,2.7390000000000003
369,1,flexaggrod,0,4.03
369,2,flexaggrod,0,2.284
369,3,flexaggrod,1,2.769
370,0,flexaggrod,0,1.254
370,1,flexaggrod,0,2.7390000000000003
370,2,flexaggrod,1,2.769
370,3,flexaggrod,0,3.769
371,0,flexaggrod,0,3.254
371,1,flexaggrod,0,3.769
371,2,flexaggrod,0,3.254
371,3,flexaggrod,1,5.06
372,0,flexaggrod,1,3.254
372,1,flexaggrod,0,2.7990000000000004
372,2,flexaggrod,0,3.0900000000000003
372,3,flexaggrod,0,3.254
373,0,flexaggrod,1,2.7990000000000004
373,1,flexaggrod,0,2.7990000000000004
373,2,flexaggrod,0,3.769
373,3,flexaggrod,0,2.769
374,0,flexaggrod,1,3.0900000000000003
374,1,flexaggrod,0,2.769
374,2,flexaggrod,0,4.09
374,3,flexaggrod,0,2.7390000000000003
375,0,flexaggrod,0,4.06
375,1,flexaggrod,1,2.284
375,2,flexaggrod,0,3.769
375,3,flexaggrod,0,4.06
376,0,flexaggrod,0,4.06
376,1,flexaggrod,0,2.7990000000000004
376,2,flexaggrod,1,3.254
376,3,flexaggrod,0,2.2239999999999998
377,0,flexaggrod,0,1.799
377,1,flexaggrod,1,4.06
377,2,flexaggrod,0,3.769
377,3,flexaggrod,0,2.7990000000000004
378,0,flexaggrod,1,3.769
378,1,flexaggrod,0,3.769
378,2,flexaggrod,0,4.09
378,3,flexaggrod,0,3.254
379,0,flexaggrod,0,3.12
379,1,flexaggrod,0,4.09
379,2,flexaggrod,0,3.769
379,3,flexaggrod,1,3.254
380,0,flexaggrod,0,3.769
380,1,flexaggrod,0,3.254
380,2,flexaggrod,0,2.7990000000000004
380,3,flexaggrod,1,2.7990000000000004
381,0,flexaggrod,0,2.2239999999999998
381,1,flexaggrod,1,2.7990000000000004
381,2,flexaggrod,0,3.254
381,3,flexaggrod,0,3.769
382,0,flexaggrod,0,2.769
382,1,flexaggrod,0,3.769
382,2,flexaggrod,0,2.7390000000000003
382,3,flexaggrod,0,4.09
383,0,flexaggrod,0,3.0900000000000003
383,1,flexaggrod,1,3.254
383,2,flexaggrod,0,1.829
383,3,flexaggrod,0,2.254
384,0,flexaggrod,0,4.09
384,1,flexaggrod,0,3.769
384,2,flexaggrod,1,3.769
384,3,flexaggrod,0,3.254
385,0,flexaggrod,1,2.7390000000000003
385,1,flexaggrod,0,2.7390000000000003
385,2,flexaggrod,0,2.7990000000000004
385,3,flexaggrod,0,4.06
386,0,flexaggrod,0,3.254
386,1,flexaggrod,0,1.829
386,2,flexaggrod,0,3.254
386,3,flexaggrod,1,2.7390000000000003
387,0,flexaggrod,0,2.7390000000000003
387,1,flexaggrod,0,3.769
387,2,flexaggrod,0,3.254
387,3,flexaggrod,1,2.7390000000000003
388,0,flexaggrod,0,3.769
388,1,flexaggrod,1,2.7390000000000003
388,2,flexaggrod,0,1.3139999999999998
388,3,flexaggrod,0,3.769
389,0,flexaggrod,0,3.12
389,1,flexaggrod,0,3.769
389,2,flexaggrod,0,3.769
389,3,flexaggrod,1,3.254
390,0,flexaggrod,0,1.7690000000000001
390,1,flexaggrod,0,3.769
390,2,flexaggrod,1,3.769
390,3,flexaggrod,0,3.254
391,0,flexaggrod,0,2.7990000000000004
391,1,flexaggrod,0,5.06
391,2,flexaggrod,1,2.7990000000000004
391,3,flexaggrod,0,4.09
392,0,flexaggrod,0,4.06
392,1,flexaggrod,1,4.03
392,2,flexaggrod,0,5.06
392,3,flexaggrod,0,4.09
393,0,flexaggrod,0,2.254
393,1,flexaggrod,1,2.254
393,2,flexaggrod,0,4.06
393,3,flexaggrod,0,2.2239999999999998
394,0,flexaggrod,0,2.7990000000000004
394,1,flexaggrod,0,2.7990000000000004
394,2,flexaggrod,0,4.06
394,3,flexaggrod,1,5.06
395,0,flexaggrod,1,2.7990000000000004
395,1,flexaggrod,0,3.254
395,2,flexaggrod,0,3.0900000000000003
395,3,flexaggrod,0,2.254
396,0,flexaggrod,0,3.769
396,1,flexaggrod,1,3.254
396,2,flexaggrod,0,4.06
396,3,flexaggrod,0,3.254
397,0,flexaggrod,1,5.06
397,1,flexaggrod,0,1.799
397,2,flexaggrod,0,1.7690000000000001
397,3,flexaggrod,0,3.769
398,0,flexaggrod,0,4.06
398,1,flexaggrod,1,3.254
398,2,flexaggrod,0,2.769
398,3,flexaggrod,0,3.769
399,0,flexaggrod,0,4.09
399,1,flexaggrod,0,1.7690000000000001
399,2,flexaggrod,1,2.7990000000000004
399,3,flexaggrod,0,4.09
400,0,flexaggrod,1,2.7390000000000003
400,1,flexaggrod,0,1.799
400,2,flexaggrod,0,2.769
400,3,flexaggrod,0,2.7390000000000003
401,0,flexaggrod,0,3.254
401,1,flexaggrod,0,4.06
401,2,flexaggrod,1,3.254
401,3,flexaggrod,0,2.769
402,0,flexaggrod,1,3.769
402,1,flexaggrod,0,3.769
402,2,flexaggrod,0,4.06
402,3,flexaggrod,0,4.09
403,0,flexaggrod,0,2.769
403,1,flexaggrod,0,3.769
403,2,flexaggrod,0,2.7390000000000003
403,3,flexaggrod,0,2.254
404,0,flexaggrod,0,3.254
404,1,flexaggrod,0,-0.305
404,2,flexaggrod,0,2.769
404,3,flexaggrod,1,3.254
405,0,flexaggrod,0,2.2239999999999998
405,1,flexaggrod,0,3.254
405,2,flexaggrod,1,2.7390000000000003
405,3,flexaggrod,0,2.7390000000000003
406,0,flexaggrod,0,3.769
406,1,flexaggrod,0,3.254
406,2,flexaggrod,0,2.284
406,3,flexaggrod,1,3.769
407,0,flexaggrod,0,2.769
407,1,flexaggrod,1,3.769
407,2,flexaggrod,0,2.7990000000000004
407,3,flexaggrod,0,2.284
408,0,flexaggrod,1,3.0900000000000003
408,1,flexaggrod,0,2.7990000000000004
408,2,flexaggrod,0,2.284
408,3,flexaggrod,0,3.254
409,0,flexaggrod,0,3.254
409,1,flexaggrod,1,3.769
409,2,flexaggrod,0,3.769
409,3,flexaggrod,0,3.254
410,0,flexaggrod,0,2.2239999999999998
410,1,flexaggrod,1,1.3139999999999998
410,2,flexaggrod,0,2.7990000000000004
410,3,flexaggrod,0,2.7990000000000004
411,0,flexaggrod,0,4.06
411,1,flexaggrod,0,2.284
411,2,flexaggrod,0,3.769
411,3,flexaggrod,1,3.254
412,0,flexaggrod,0,4.09
412,1,flexaggrod,1,3.12
412,2,flexaggrod,0,3.06
412,3,flexaggrod,0,2.7390000000000003
413,0,flexaggrod,1,3.254
413,1,flexaggrod,0,2.7990000000000004
413,2,flexaggrod,0,1.7690000000000001
413,3,flexaggrod,0,5.06
414,0,flexaggrod,0,4.06
414,1,flexaggrod,0,3.254
414,2,flexaggrod,0,3.254
414,3,flexaggrod,1,2.7990000000000004
415,0,flexaggrod,0,3.769
415,1,flexaggrod,0,2.284
415,2,flexaggrod,0,3.769
415,3,flexaggrod,1,3.254
416,0,flexaggrod,0,4.06
416,1,flexaggrod,1,3.254
416,2,flexaggrod,0,4.09
416,3,flexaggrod,0,2.284
417,0,flexaggrod,0,2.284
417,1,flexaggrod,1,1.739
417,2,flexaggrod,0,2.7390000000000003
417,3,flexaggrod,0,2.254
418,0,flexaggrod,0,3.254
418,1,flexaggrod,0,3.769
418,2,flexaggrod,1,1.3139999999999998
418,3,flexaggrod,0,3.769
419,0,flexaggrod,0,2.7390000000000003
419,1,flexaggrod,0,5.06
419,2,flexaggrod,1,2.7990000000000004
419,3,flexaggrod,0,2.7990000000000004
420,0,flexaggrod,0,3.0900000000000003
420,1,flexaggrod,1,3.06
420,2,flexaggrod,0,3.769
420,3,flexaggrod,0,2.7990000000000004
421,0,flexaggrod,0,3.769
421,1,flexaggrod,0,3.12
421,2,flexaggrod,1,1.829
421,3,flexaggrod,0,3.769
422,0,flexaggrod,1,4.06
422,1,flexaggrod,0,2.7990000000000004
422,2,flexaggrod,0,3.254
422,3,flexaggrod,0,3.254
423,0,flexaggrod,0,4.09
423,1,flexaggrod,0,2.7390000000000003
423,2,flexaggrod,0,5.06
423,3,flexaggrod,1,3.254
424,0,flexaggrod,0,3.254
424,1,flexaggrod,0,2.769
424,2,flexaggrod,0,3.254
424,3,flexaggrod,1,3.769
425,0,flexaggrod,0,3.769
425,1,flexaggrod,0,3.769
425,2,flexaggrod,0,3.254
425,3,flexaggrod,1,2.254
426,0,flexaggrod,1,3.769
426,1,flexaggrod,0,2.254
426,2,flexaggrod,0,2.7390000000000003
426,3,flexaggrod,0,2.254
427,0,flexaggrod,0,2.7990000000000004
427,1,flexaggrod,1,3.0900000000000003
427,2,flexaggrod,0,2.2239999999999998
427,3,flexaggrod,0,4.06
428,0,flexaggrod,0,2.7990000000000004
428,1,flexaggrod,1,2.254
428,2,flexaggrod,0,2.769
428,3,flexaggrod,0,3.06
429,0,flexaggrod,0,2.7390000000000003
429,1,flexaggrod,0,3.769
429,2,flexaggrod,0,2.284
429,3,flexaggrod,1,5.06
430,0,flexaggrod,0,3.254
430,1,flexaggrod,0,4.06
430,2,flexaggrod,0,4.06
430,3,flexaggrod,1,2.769
431,0,flexaggrod,0,4.06
431,1,flexaggrod,0,3.769
431,2,flexaggrod,0,2.284
431,3,flexaggrod,1,3.254
432,0,flexaggrod,0,5.06
432,1,flexaggrod,0,3.769
432,2,flexaggrod,0,3.769
432,3,flexaggrod,1,3.769
433,0,flexaggrod,0,3.254
433,1,flexaggrod,1,3.0900000000000003
433,2,flexaggrod,0,3.254
433,3,flexaggrod,0,3.254
434,0,flexaggrod,0,3.769
434,1,flexaggrod,1,2.7390000000000003
434,2,flexaggrod,0,2.7390000000000003
434,3,flexaggrod,0,4.09
435,0,flexaggrod,0,3.769
435,1,flexaggrod,1,2.2239999999999998
435,2,flexaggrod,0,3.769
435,3,flexaggrod,0,4.06
436,0,flexaggrod,0,1.829
436,1,flexaggrod,0,3.254
436,2,flexaggrod,0,2.769
436,3,flexaggrod,0,5.06
437,0,flexaggrod,0,2.7990000000000004
437,1,flexaggrod,0,1.7690000000000001
437,2,flexaggrod,0,3.254
437,3,flexaggrod,1,3.254
438,0,flexaggrod,0,3.769
438,1,flexaggrod,0,4.09
438,2,flexaggrod,1,3.06
438,3,flexaggrod,0,2.7990000000000004
439,0,flexaggrod,0,5.06
439,1,flexaggrod,1,2.2239999999999998
439,2,flexaggrod,1,2.769
439,3,flexaggrod,0,4.06
440,0,flexaggrod,0,2.7390000000000003
440,1,flexaggrod,0,3.254
440,2,flexaggrod,1,2.769
440,3,flexaggrod,0,3.769
441,0,flexaggrod,0,3.769
441,1,flexaggrod,1,5.06
441,2,flexaggrod,0,3.254
441,3,flexaggrod,0,2.7990000000000004
442,0,flexaggrod,0,3.769
442,1,flexaggrod,0,3.254
442,2,flexaggrod,0,3.769
442,3,flexaggrod,1,3.254
443,0,flexaggrod,0,2.7990000000000004
443,1,flexaggrod,0,2.7990000000000004
443,2,flexaggrod,0,4.09
443,3,flexaggrod,1,4.06
444,0,flexaggrod,1,4.06
444,1,flexaggrod,0,3.769
444,2,flexaggrod,0,4.06
444,3,flexaggrod,0,3.769
445,0,flexaggrod,0,2.7990000000000004
445,1,flexaggrod,0,3.254
445,2,flexaggrod,0,4.06
445,3,flexaggrod,0,2.7390000000000003
446,0,flexaggrod,0,4.09
446,1,flexaggrod,0,3.769
446,2,flexaggrod,0,2.7990000000000004
446,3,flexaggrod,1,5.06
447,0,flexaggrod,0,4.06
447,1,flexaggrod,0,1.799
447,2,flexaggrod,1,3.254
447,3,flexaggrod,0,3.0900000000000003
448,0,flexaggrod,0,2.769
448,1,flexaggrod,1,2.769
448,2,flexaggrod,0,3.254
448,3,flexaggrod,0,2.7390000000000003
449,0,flexaggrod,0,2.284
449,1,flexaggrod,1,2.7390000000000003
449,2,flexaggrod,0,1.7690000000000001
449,3,flexaggrod,0,3.254
450,0,flexaggrod,0,3.06
450,1,flexaggrod,0,2.769
450,2,flexaggrod,0,3.254
450,3,flexaggrod,1,2.254
451,0,flexaggrod,0,5.06
451,1,flexaggrod,0,3.0900000000000003
451,2,flexaggrod,0,3.254
451,3,flexaggrod,1,4.09
452,0,flexaggrod,0,3.254
452,1,flexaggrod,1,2.7390000000000003
452,2,flexaggrod,0,4.09
452,3,flexaggrod,0,2.284
453,0,flexaggrod,0,2.2239999999999998
453,1,flexaggrod,0,2.7390000000000003
453,2,flexaggrod,0,2.254
453,3,flexaggrod,1,2.284
454,0,flexaggrod,1,2.284
454,1,flexaggrod,0,1.799
454,2,flexaggrod,0,2.254
454,3,flexaggrod,0,3.254
455,0,flexaggrod,1,5.06
455,1,flexaggrod,0,2.7990000000000004
455,2,flexaggrod,0,1.739
455,3,flexaggrod,0,1.799
456,0,flexaggrod,0,3.769
456,1,flexaggrod,0,2.769
456,2,flexaggrod,1,2.254
456,3,flexaggrod,0,3.254
457,0,flexaggrod,0,3.254
457,1,flexaggrod,1,4.06
457,2,flexaggrod,0,5.06
457,3,flexaggrod,0,2.254
458,0,flexaggrod,0,4.09
458,1,flexaggrod,0,3.0900000000000003
458,2,flexaggrod,0,3.769
458,3,flexaggrod,0,3.254
459,0,flexaggrod,0,2.7990000000000004
459,1,flexaggrod,0,2.7990000000000004
459,2,flexaggrod,0,2.284
459,3,flexaggrod,1,2.284
460,0,flexaggrod,0,2.7390000000000003
460,1,flexaggrod,0,2.7990000000000004
460,2,flexaggrod,1,3.0900000000000003
460,3,flexaggrod,0,3.254
461,0,flexaggrod,0,3.769
461,1,flexaggrod,1,2.284
461,2,flexaggrod,0,3.254
461,3,flexaggrod,0,2.769
462,0,flexaggrod,0,3.0900000000000003
462,1,flexaggrod,0,3.254
462,2,flexaggrod,0,4.03
462,3,flexaggrod,1,3.769
463,0,flexaggrod,0,2.2239999999999998
463,1,flexaggrod,1,2.7390000000000003
463,2,flexaggrod,0,4.06
463,3,flexaggrod,0,2.284
464,0,flexaggrod,0,5.06
464,1,flexaggrod,0,3.254
464,2,flexaggrod,0,2.769
464,3,flexaggrod,1,2.769
465,0,flexaggrod,0,3.254
465,1,flexaggrod,1,3.254
465,2,flexaggrod,0,3.769
465,3,flexaggrod,0,2.7390000000000003
466,0,flexaggrod,0,4.06
466,1,flexaggrod,0,4.06
466,2,flexaggrod,1,1.799
466,3,flexaggrod,0,2.284
467,0,flexaggrod,0,1.799
467,1,flexaggrod,0,4.09
467,2,flexaggrod,0,3.769
467,3,flexaggrod,1,2.284
468,0,flexaggrod,0,3.254
468,1,flexaggrod,0,1.799
468,2,flexaggrod,0,1.799
468,3,flexaggrod,1,2.7390000000000003
469,0,flexaggrod,0,3.769
469,1,flexaggrod,0,3.769
469,2,flexaggrod,0,1.829
469,3,flexaggrod,1,2.769
470,0,flexaggrod,0,3.254
470,1,flexaggrod,1,3.254
470,2,flexaggrod,0,2.769
470,3,flexaggrod,0,3.254
471,0,flexaggrod,0,2.769
471,1,flexaggrod,0,2.769
471,2,flexaggrod,0,2.7390000000000003
471,3,flexaggrod,1,4.09
472,0,flexaggrod,0,2.7990000000000004
472,1,flexaggrod,1,2.254
472,2,flexaggrod,1,3.769
472,3,flexaggrod,0,2.284
473,0,flexaggrod,0,3.769
473,1,flexaggrod,0,2.7390000000000003
473,2,flexaggrod,1,2.7990000000000004
473,3,flexaggrod,0,1.829
474,0,flexaggrod,0,3.254
474,1,flexaggrod,0,3.769
474,2,flexaggrod,0,2.284
474,3,flexaggrod,1,1.7690000000000001
475,0,flexaggrod,0,2.7390000000000003
475,1,flexaggrod,1,2.769
475,2,flexaggrod,0,2.284
475,3,flexaggrod,0,2.7390000000000003
476,0,flexaggrod,0,2.769
476,1,flexaggrod,1,5.06
476,2,flexaggrod,0,3.254
476,3,flexaggrod,0,2.7990000000000004
477,0,flexaggrod,0,2.2239999999999998
477,1,flexaggrod,0,2.7990000000000004
477,2,flexaggrod,1,3.06
477,3,flexaggrod,0,3.769
478,0,flexaggrod,0,3.254
478,1,flexaggrod,1,3.254
478,2,flexaggrod,0,2.284
478,3,flexaggrod,0,3.769
479,0,flexaggrod,0,1.799
479,1,flexaggrod,0,4.06
479,2,flexaggrod,1,5.06
479,3,flexaggrod,0,4.06
480,0,flexaggrod,0,2.284
480,1,flexaggrod,0,2.769
480,2,flexaggrod,1,3.769
480,3,flexaggrod,0,3.769
481,0,flexaggrod,1,2.7390000000000003
481,1,flexaggrod,0,4.06
481,2,flexaggrod,0,2.769
481,3,flexaggrod,0,2.7390000000000003
482,0,flexaggrod,0,4.09
482,1,flexaggrod,1,3.254
482,2,flexaggrod,0,2.7990000000000004
482,3,flexaggrod,0,2.7990000000000004
483,0,flexaggrod,0,3.254
483,1,flexaggrod,1,2.7990000000000004
483,2,flexaggrod,0,5.06
483,3,flexaggrod,0,2.7390000000000003
484,0,flexaggrod,0,3.769
484,1,flexaggrod,0,3.769
484,2,flexaggrod,1,2.7390000000000003
484,3,flexaggrod,0,3.769
485,0,flexaggrod,0,0.7989999999999999
485,1,flexaggrod,0,3.769
485,2,flexaggrod,1,2.769
485,3,flexaggrod,0,2.769
486,0,flexaggrod,0,3.254
486,1,flexaggrod,1,5.06
486,2,flexaggrod,0,3.769
486,3,flexaggrod,0,2.769
487,0,flexaggrod,1,3.254
487,1,flexaggrod,0,4.06
487,2,flexaggrod,0,2.7390000000000003
487,3,flexaggrod,0,5.06
488,0,flexaggrod,0,2.284
488,1,flexaggrod,0,3.254
488,2,flexaggrod,1,3.769
488,3,flexaggrod,0,2.7390000000000003
489,0,flexaggrod,0,3.769
489,1,flexaggrod,0,3.769
489,2,flexaggrod,0,2.769
489,3,flexaggrod,0,3.769
490,0,flexaggrod,1,2.284
490,1,flexaggrod,0,3.769
490,2,flexaggrod,0,1.2839999999999998
490,3,flexaggrod,0,2.284
491,0,flexaggrod,0,2.284
491,1,flexaggrod,0,3.254
491,2,flexaggrod,0,4.09
491,3,flexaggrod,1,2.254
492,0,flexaggrod,1,2.284
492,1,flexaggrod,0,3.254
492,2,flexaggrod,0,2.254
492,3,flexaggrod,0,3.254
493,0,flexaggrod,0,1.829
493,1,flexaggrod,1,2.769
493,2,flexaggrod,0,2.284
493,3,flexaggrod,0,3.254
494,0,flexaggrod,1,2.284
494,1,flexaggrod,0,2.769
494,2,flexaggrod,0,3.254
494,3,flexaggrod,0,3.254
495,0,flexaggrod,1,3.769
495,1,flexaggrod,0,2.769
495,2,flexaggrod,0,2.254
495,3,flexaggrod,0,3.254
496,0,flexaggrod,0,3.254
496,1,flexaggrod,0,2.284
496,2,flexaggrod,1,2.769
496,3,flexaggrod,0,3.254
497,0,flexaggrod,0,3.254
497,1,flexaggrod,0,3.12
497,2,flexaggrod,0,3.254
497,3,flexaggrod,1,2.769
498,0,flexaggrod,1,1.829
498,1,flexaggrod,1,4.06
498,2,flexaggrod,0,3.254
498,3,flexaggrod,0,2.7990000000000004
499,0,flexaggrod,0,3.769
499,1,flexaggrod,0,1.799
499,2,flexaggrod,1,3.254
499,3,flexaggrod,0,3.769
