episode_id,policy_tag,win,opening_shape,points,reward
0,flexaggrod,1,3.254,0.0,1.4375
0,flexaggrod,0,2.284,0.0,0.0
0,flexaggrod,0,1.709,0.0,0.0
0,flexaggrod,0,2.769,0.0,-1.4375
1,flexaggrod,0,3.769,0.0,-1.3125
1,flexaggrod,0,3.769,0.0,-1.3125
1,flexaggrod,1,3.254,0.0,3.9375
1,flexaggrod,0,2.7390000000000003,0.0,-1.3125
2,flexaggrod,0,3.0900000000000003,0.0,0.0
2,flexaggrod,1,2.769,0.0,1.4375
2,flexaggrod,0,3.254,0.0,0.0
2,flexaggrod,0,4.09,0.0,-1.4375
3,flexaggrod,1,2.2239999999999998,0.0,1.375
3,flexaggrod,0,5.06,0.0,-1.375
3,flexaggrod,0,3.769,0.0,0.0
3,flexaggrod,0,4.09,0.0,0.0
4,flexaggrod,0,3.254,0.0,-1.4375
4,flexaggrod,1,2.7990000000000004,0.0,1.4375
4,flexaggrod,0,3.254,0.0,0.0
4,flexaggrod,0,2.7990000000000004,0.0,0.0
5,flexaggrod,1,2.7990000000000004,0.0,4.125
5,flexaggrod,0,2.7390000000000003,0.0,-1.375
5,flexaggrod,0,3.254,0.0,-1.375
5,flexaggrod,0,3.769,0.0,-1.375
6,flexaggrod,0,2.7390000000000003,0.0,0.0
6,flexaggrod,0,3.769,0.0,0.0
6,flexaggrod,0,3.12,0.0,0.0
6,flexaggrod,0,2.7990000000000004,0.0,0.0
7,flexaggrod,0,3.769,0.0,-1.3125
7,flexaggrod,1,2.7390000000000003,0.0,3.9375
7,flexaggrod,0,3.769,0.0,-1.3125
7,flexaggrod,0,1.829,0.0,-1.3125
8,flexaggrod,0,2.7990000000000004,0.0,-1.4375
8,flexaggrod,0,4.06,0.0,-1.4375
8,flexaggrod,0,2.7990000000000004,0.0,-1.4375
8,flexaggrod,1,2.7390000000000003,0.0,4.3125
9,flexaggrod,1,2.2239999999999998,0.0,1.4375
9,flexaggrod,0,2.7990000000000004,0.0,0.0
9,flexaggrod,0,3.12,0.0,-1.4375
9,flexaggrod,0,2.769,0.0,0.0
10,flexaggrod,1,2.7990000000000004,0.0,3.9375
10,flexaggrod,0,2.769,0.0,-1.3125
10,flexaggrod,0,5.06,0.0,-1.3125
10,flexaggrod,0,2.769,0.0,-1.3125
11,flexaggrod,0,3.254,0.0,-1.375
11,flexaggrod,0,3.254,0.0,-1.375
11,flexaggrod,1,2.769,0.0,4.125
11,flexaggrod,0,3.06,0.0,-1.375
12,flexaggrod,0,3.254,0.0,0.0
12,flexaggrod,0,4.03,0.0,-1.5625
12,flexaggrod,1,2.254,0.0,1.5625
12,flexaggrod,0,2.284,0.0,0.0
13,flexaggrod,0,3.254,0.0,-1.3125
13,flexaggrod,1,3.12,0.0,3.9375
13,flexaggrod,0,3.769,0.0,-1.3125
13,flexaggrod,0,3.12,0.0,-1.3125
14,flexaggrod,0,2.7990000000000004,0.0,-1.5
14,flexaggrod,0,2.7390000000000003,0.0,-1.5
14,flexaggrod,1,3.769,0.0,4.5
14,flexaggrod,0,2.7990000000000004,0.0,-1.5
15,flexaggrod,1,4.06,0.0,1.375
15,flexaggrod,0,3.254,0.0,0.0
15,flexaggrod,0,4.09,0.0,0.0
15,flexaggrod,0,3.254,0.0,-1.375
16,flexaggrod,0,3.769,0.0,-1.4375
16,flexaggrod,0,3.254,0.0,0.0
16,flexaggrod,1,2.2239999999999998,0.0,1.4375
16,flexaggrod,0,1.254,0.0,0.0
17,flexaggrod,0,3.254,0.0,-1.5
17,flexaggrod,1,4.06,0.0,4.5
17,flexaggrod,0,3.254,0.0,-1.5
17,flexaggrod,0,3.254,0.0,-1.5
18,flexaggrod,0,4.06,0.0,0.0
18,flexaggrod,1,3.254,0.0,1.375
18,flexaggrod,0,2.7990000000000004,0.0,-1.375
18,flexaggrod,0,1.799,0.0,0.0
19,flexaggrod,0,2.769,0.0,0.0
19,flexaggrod,0,3.12,0.0,0.0
19,flexaggrod,0,2.7390000000000003,0.0,0.0
19,flexaggrod,0,3.254,0.0,0.0
20,flexaggrod,0,4.06,0.0,-1.3125
20,flexaggrod,0,2.284,0.0,-1.3125
20,flexaggrod,0,4.06,0.0,-1.3125
20,flexaggrod,1,4.06,0.0,3.9375
21,flexaggrod,0,3.12,0.0,0.0
21,flexaggrod,0,2.284,0.0,0.0
21,flexaggrod,0,2.254,0.0,0.0
21,flexaggrod,0,3.769,0.0,0.0
22,flexaggrod,0,5.06,0.0,-2.5625
22,flexaggrod,0,3.254,0.0,-2.5625
22,flexaggrod,1,2.7390000000000003,0.0,7.5
22,flexaggrod,0,3.254,0.0,-2.5625
23,flexaggrod,0,3.06,0.0,0.0
23,flexaggrod,0,2.7990000000000004,0.0,0.0
23,flexaggrod,0,2.769,0.0,-2.6875
23,flexaggrod,1,1.7690000000000001,0.0,2.6875
24,flexaggrod,0,2.7990000000000004,0.0,-1.25
24,flexaggrod,1,3.254,0.0,3.75
24,flexaggrod,0,3.769,0.0,-1.25
24,flexaggrod,0,3.769,0.0,-1.25
25,flexaggrod,1,3.254,0.0,2.8125
25,flexaggrod,0,1.829,0.0,-2.8125
25,flexaggrod,0,3.769,0.0,0.0
25,flexaggrod,0,3.0900000000000003,0.0,0.0
26,flexaggrod,0,3.254,0.0,-1.375
26,flexaggrod,0,3.254,0.0,-1.375
26,flexaggrod,1,3.12,0.0,4.125
26,flexaggrod,0,5.06,0.0,-1.375
27,flexaggrod,1,3.254,0.0,1.375
27,flexaggrod,0,3.254,0.0,0.0
27,flexaggrod,0,3.769,0.0,-1.375
27,flexaggrod,0,2.254,0.0,0.0
28,flexaggrod,0,2.7990000000000004,0.0,0.0
28,flexaggrod,0,3.769,0.0,0.0
28,flexaggrod,0,2.769,0.0,-1.4375
28,flexaggrod,1,3.254,0.0,1.4375
29,flexaggrod,0,2.7390000000000003,0.0,0.0
29,flexaggrod,0,4.09,0.0,-1.5
29,flexaggrod,0,2.284,0.0,0.0
29,flexaggrod,1,3.254,0.0,1.5
30,flexaggrod,1,2.284,0.0,1.375
30,flexaggrod,0,3.769,0.0,-1.375
30,flexaggrod,0,2.7990000000000004,0.0,0.0
30,flexaggrod,0,2.769,0.0,0.0
31,flexaggrod,1,2.7990000000000004,0.0,1.5
31,flexaggrod,0,2.7990000000000004,0.0,0.0
31,flexaggrod,0,2.7390000000000003,0.0,0.0
31,flexaggrod,0,4.09,0.0,-1.5
32,flexaggrod,0,3.254,0.0,0.0625
32,flexaggrod,1,1.799,0.0,1.25
32,flexaggrod,0,2.7990000000000004,0.0,0.0625
32,flexaggrod,0,3.254,0.0,-1.375
33,flexaggrod,0,4.09,0.0,0.0
33,flexaggrod,0,4.06,0.0,-1.375
33,flexaggrod,0,4.09,0.0,0.0
33,flexaggrod,1,1.3139999999999998,0.0,1.375
34,flexaggrod,0,4.06,0.0,0.0
34,flexaggrod,0,2.254,0.0,0.0
34,flexaggrod,1,3.769,0.0,1.625
34,flexaggrod,0,2.7990000000000004,0.0,-1.625
35,flexaggrod,0,2.769,0.0,0.0
35,flexaggrod,1,5.06,0.0,1.4375
35,flexaggrod,0,3.254,0.0,-1.4375
35,flexaggrod,0,5.06,0.0,0.0
36,flexaggrod,0,3.769,0.0,-1.375
36,flexaggrod,1,2.7990000000000004,0.0,1.375
36,flexaggrod,0,3.769,0.0,0.0
36,flexaggrod,0,2.7990000000000004,0.0,0.0
37,flexaggrod,0,3.769,0.0,-1.375
37,flexaggrod,0,3.769,0.0,-1.375
37,flexaggrod,0,4.09,0.0,-1.375
37,flexaggrod,1,2.7990000000000004,0.0,4.125
38,flexaggrod,0,3.254,0.0,-1.375
38,flexaggrod,1,2.7390000000000003,0.0,1.375
38,flexaggrod,0,3.06,0.0,0.0
38,flexaggrod,0,2.254,0.0,0.0
39,flexaggrod,0,3.254,0.0,0.0
39,flexaggrod,0,2.2239999999999998,0.0,0.0
39,flexaggrod,0,1.709,0.0,-1.375
39,flexaggrod,1,3.254,0.0,1.375
40,flexaggrod,0,1.2839999999999998,0.0,0.0
40,flexaggrod,1,3.254,0.0,1.375
40,flexaggrod,0,4.09,0.0,0.0
40,flexaggrod,0,2.769,0.0,-1.375
41,flexaggrod,1,3.769,0.0,4.3125
41,flexaggrod,0,4.09,0.0,-1.4375
41,flexaggrod,0,3.769,0.0,-1.4375
41,flexaggrod,0,3.254,0.0,-1.4375
42,flexaggrod,0,3.254,0.0,-2.5625
42,flexaggrod,0,2.2239999999999998,0.0,-2.5625
42,flexaggrod,0,3.254,0.0,-2.5625
42,flexaggrod,1,2.284,0.0,7.5
43,flexaggrod,0,4.06,0.0,0.0
43,flexaggrod,0,4.03,0.0,0.0
43,flexaggrod,0,3.254,0.0,-2.625
43,flexaggrod,1,1.254,0.0,2.625
44,flexaggrod,0,2.769,0.0,0.0
44,flexaggrod,0,2.7990000000000004,0.0,0.0
44,flexaggrod,0,3.254,0.0,0.0
44,flexaggrod,0,3.769,0.0,0.0
45,flexaggrod,1,2.284,0.0,4.125
45,flexaggrod,0,2.284,0.0,-1.375
45,flexaggrod,0,4.09,0.0,-1.375
45,flexaggrod,0,3.254,0.0,-1.375
46,flexaggrod,0,3.769,0.0,-1.5
46,flexaggrod,0,5.06,0.0,0.0
46,flexaggrod,0,4.09,0.0,0.0
46,flexaggrod,1,2.769,0.0,1.5
47,flexaggrod,0,4.09,0.0,0.0
47,flexaggrod,0,2.7990000000000004,0.0,-2.5625
47,flexaggrod,1,2.7390000000000003,0.0,2.5625
47,flexaggrod,0,2.254,0.0,0.0
48,flexaggrod,0,2.7390000000000003,0.0,-1.375
48,flexaggrod,0,3.769,0.0,-1.375
48,flexaggrod,1,2.7390000000000003,0.0,4.125
48,flexaggrod,0,4.06,0.0,-1.375
49,flexaggrod,0,3.254,0.0,0.0
49,flexaggrod,0,1.799,0.0,-1.5
49,flexaggrod,0,2.7990000000000004,0.0,0.0
49,flexaggrod,1,3.769,0.0,1.5
50,flexaggrod,0,2.284,0.0,0.0
50,flexaggrod,0,3.769,0.0,0.0
50,flexaggrod,0,3.254,0.0,-1.4375
50,flexaggrod,1,2.769,0.0,1.4375
51,flexaggrod,0,4.09,0.0,-1.4375
51,flexaggrod,0,2.7390000000000003,0.0,0.0
51,flexaggrod,0,2.7990000000000004,0.0,0.0
51,flexaggrod,1,4.09,0.0,1.4375
52,flexaggrod,0,3.769,0.0,0.0
52,flexaggrod,1,2.7990000000000004,0.0,1.5
52,flexaggrod,0,3.769,0.0,0.0
52,flexaggrod,0,2.2239999999999998,0.0,-1.5
53,flexaggrod,1,2.769,0.0,1.3125
53,flexaggrod,0,2.7390000000000003,0.0,-1.3125
53,flexaggrod,0,2.7990000000000004,0.0,0.0
53,flexaggrod,0,3.254,0.0,0.0
54,flexaggrod,0,3.254,0.0,-1.3125
54,flexaggrod,0,3.254,0.0,-1.3125
54,flexaggrod,1,2.769,0.0,3.9375
54,flexaggrod,0,3.254,0.0,-1.3125
55,flexaggrod,0,2.769,0.0,-1.3125
55,flexaggrod,1,4.09,0.0,3.9375
55,flexaggrod,0,3.769,0.0,-1.3125
55,flexaggrod,0,2.7390000000000003,0.0,-1.3125
56,flexaggrod,0,3.0900000000000003,0.0,-1.3125
56,flexaggrod,0,2.7990000000000004,0.0,-1.3125
56,flexaggrod,1,5.06,0.0,3.9375
56,flexaggrod,0,3.254,0.0,-1.3125
57,flexaggrod,0,2.7390000000000003,0.0,0.0
57,flexaggrod,0,3.12,0.0,-1.5
57,flexaggrod,0,2.769,0.0,0.0
57,flexaggrod,1,2.7990000000000004,0.0,1.5
58,flexaggrod,0,3.769,0.0,0.0
58,flexaggrod,1,1.799,0.0,1.375
58,flexaggrod,0,4.09,0.0,0.0
58,flexaggrod,0,4.09,0.0,-1.375
59,flexaggrod,1,3.769,0.0,1.4375
59,flexaggrod,0,3.769,0.0,-1.4375
59,flexaggrod,0,3.0900000000000003,0.0,0.0
59,flexaggrod,0,2.769,0.0,0.0
60,flexaggrod,0,3.254,0.0,0.0
60,flexaggrod,0,2.769,0.0,-1.3125
60,flexaggrod,0,3.254,0.0,0.0
60,flexaggrod,1,2.769,0.0,1.3125
61,flexaggrod,0,2.284,0.0,0.0
61,flexaggrod,0,2.769,0.0,0.0
61,flexaggrod,0,3.06,0.0,-1.4375
61,flexaggrod,1,2.7390000000000003,0.0,1.4375
62,flexaggrod,0,2.2239999999999998,0.0,-1.5
62,flexaggrod,0,3.769,0.0,0.0
62,flexaggrod,1,3.254,0.0,1.5
62,flexaggrod,0,2.769,0.0,0.0
63,flexaggrod,1,1.2839999999999998,0.0,3.75
63,flexaggrod,0,2.284,0.0,-1.25
63,flexaggrod,0,3.769,0.0,-1.25
63,flexaggrod,0,4.06,0.0,-1.25
64,flexaggrod,0,3.254,0.0,0.0
64,flexaggrod,0,3.254,0.0,-1.5
64,flexaggrod,0,3.254,0.0,0.0
64,flexaggrod,1,3.769,0.0,1.5
65,flexaggrod,1,2.284,0.0,1.3125
65,flexaggrod,0,3.06,0.0,0.0
65,flexaggrod,0,4.06,0.0,0.0
65,flexaggrod,0,2.284,0.0,-1.3125
66,flexaggrod,0,2.769,0.0,0.0
66,flexaggrod,0,2.7990000000000004,0.0,0.0
66,flexaggrod,1,3.769,0.0,1.375
66,flexaggrod,0,2.7990000000000004,0.0,-1.375
67,flexaggrod,0,1.799,0.0,-1.4375
67,flexaggrod,0,4.06,0.0,-1.4375
67,flexaggrod,0,3.254,0.0,-1.4375
67,flexaggrod,1,3.254,0.0,4.3125
68,flexaggrod,1,3.254,0.0,1.5625
68,flexaggrod,0,3.254,0.0,0.0
68,flexaggrod,0,2.7390000000000003,0.0,0.0
68,flexaggrod,0,5.06,0.0,-1.5625
69,flexaggrod,1,2.7990000000000004,0.0,1.375
69,flexaggrod,0,3.769,0.0,-1.375
69,flexaggrod,0,2.7390000000000003,0.0,0.0
69,flexaggrod,0,2.7390000000000003,0.0,0.0
70,flexaggrod,0,2.7390000000000003,0.0,-1.5625
70,flexaggrod,0,3.12,0.0,0.0
70,flexaggrod,1,2.7390000000000003,0.0,1.5625
70,flexaggrod,0,2.284,0.0,0.0
71,flexaggrod,0,3.254,0.0,0.0
71,flexaggrod,0,3.254,0.0,0.0
71,flexaggrod,0,2.7990000000000004,0.0,0.0
71,flexaggrod,0,1.739,0.0,0.0
72,flexaggrod,0,2.7390000000000003,0.0,-2.6875
72,flexaggrod,0,3.254,0.0,0.0
72,flexaggrod,0,3.254,0.0,0.0
72,flexaggrod,1,2.7390000000000003,0.0,2.6875
73,flexaggrod,0,4.09,0.0,0.0
73,flexaggrod,0,2.7390000000000003,0.0,0.0
73,flexaggrod,0,3.254,0.0,0.0
73,flexaggrod,0,2.7990000000000004,0.0,0.0
74,flexaggrod,0,2.769,0.0,-1.5
74,flexaggrod,1,3.254,0.0,1.5
74,flexaggrod,0,5.06,0.0,0.0
74,flexaggrod,0,3.769,0.0,0.0
75,flexaggrod,0,2.284,0.0,-1.6875
75,flexaggrod,1,4.06,0.0,1.6875
75,flexaggrod,0,4.09,0.0,0.0
75,flexaggrod,0,3.254,0.0,0.0
76,flexaggrod,0,3.254,0.0,-1.3125
76,flexaggrod,1,1.7690000000000001,0.0,3.9375
76,flexaggrod,0,2.2239999999999998,0.0,-1.3125
76,flexaggrod,0,3.769,0.0,-1.3125
77,flexaggrod,0,3.254,0.0,-1.3125
77,flexaggrod,1,2.7990000000000004,0.0,3.9375
77,flexaggrod,0,3.769,0.0,-1.3125
77,flexaggrod,0,2.769,0.0,-1.3125
78,flexaggrod,0,2.284,0.0,-0.6875
78,flexaggrod,1,3.769,0.0,2.0625
78,flexaggrod,0,3.769,0.0,-0.6875
78,flexaggrod,0,2.7390000000000003,0.0,-0.6875
79,flexaggrod,1,2.7390000000000003,0.0,1.25
79,flexaggrod,0,3.254,0.0,0.0
79,flexaggrod,0,4.09,0.0,-2.8125
79,flexaggrod,1,1.3139999999999998,0.0,1.5625
80,flexaggrod,1,3.254,0.0,1.5
80,flexaggrod,0,2.769,0.0,0.0
80,flexaggrod,1,4.09,0.0,1.3125
80,flexaggrod,0,2.769,0.0,-2.8125
81,flexaggrod,0,3.769,0.0,0.0
81,flexaggrod,1,2.2239999999999998,0.0,1.5
81,flexaggrod,0,4.09,0.0,0.0
81,flexaggrod,0,5.06,0.0,-1.5
82,flexaggrod,1,4.06,0.0,1.4375
82,flexaggrod,0,2.7990000000000004,0.0,-1.4375
82,flexaggrod,0,2.7990000000000004,0.0,0.0
82,flexaggrod,0,5.06,0.0,0.0
83,flexaggrod,0,1.799,0.0,-2.625
83,flexaggrod,0,2.7390000000000003,0.0,0.0
83,flexaggrod,0,2.7990000000000004,0.0,0.0
83,flexaggrod,1,2.7390000000000003,0.0,2.625
84,flexaggrod,1,3.769,0.0,1.375
84,flexaggrod,0,1.799,0.0,-1.375
84,flexaggrod,0,3.0900000000000003,0.0,0.0
84,flexaggrod,0,4.06,0.0,0.0
85,flexaggrod,0,3.769,0.0,-1.4375
85,flexaggrod,0,5.06,0.0,-1.4375
85,flexaggrod,1,3.254,0.0,4.3125
85,flexaggrod,0,2.769,0.0,-1.4375
86,flexaggrod,0,3.254,0.0,-1.4375
86,flexaggrod,0,2.769,0.0,0.0
86,flexaggrod,0,3.254,0.0,0.0
86,flexaggrod,1,2.769,0.0,1.4375
87,flexaggrod,0,2.254,0.0,0.0
87,flexaggrod,1,2.7990000000000004,0.0,1.4375
87,flexaggrod,0,3.769,0.0,0.0
87,flexaggrod,0,2.2239999999999998,0.0,-1.4375
88,flexaggrod,0,3.0900000000000003,0.0,0.0
88,flexaggrod,0,4.06,0.0,0.0
88,flexaggrod,0,3.769,0.0,0.0
88,flexaggrod,0,5.06,0.0,0.0
89,flexaggrod,0,2.284,0.0,-1.375
89,flexaggrod,1,3.254,0.0,4.125
89,flexaggrod,0,3.254,0.0,-1.375
89,flexaggrod,0,4.06,0.0,-1.375
90,flexaggrod,0,4.03,0.0,-1.375
90,flexaggrod,1,2.7390000000000003,0.0,1.375
90,flexaggrod,0,2.7990000000000004,0.0,0.0
90,flexaggrod,0,3.254,0.0,0.0
91,flexaggrod,0,1.829,0.0,0.0
91,flexaggrod,0,3.769,0.0,0.0
91,flexaggrod,0,3.769,0.0,0.0
91,flexaggrod,0,4.06,0.0,0.0
92,flexaggrod,0,2.7390000000000003,0.0,0.0
92,flexaggrod,1,3.254,0.0,1.375
92,flexaggrod,0,2.769,0.0,0.0
92,flexaggrod,0,3.769,0.0,-1.375
93,flexaggrod,0,4.06,0.0,0.0
93,flexaggrod,0,2.284,0.0,-2.8125
93,flexaggrod,0,2.7390000000000003,0.0,0.0
93,flexaggrod,1,3.254,0.0,2.8125
94,flexaggrod,0,3.254,0.0,-1.375
94,flexaggrod,1,3.769,0.0,4.125
94,flexaggrod,0,2.7390000000000003,0.0,-1.375
94,flexaggrod,0,2.2239999999999998,0.0,-1.375
95,flexaggrod,0,3.254,0.0,0.0
95,flexaggrod,0,3.254,0.0,0.0
95,flexaggrod,0,2.284,0.0,-1.3125
95,flexaggrod,1,2.254,0.0,1.3125
96,flexaggrod,0,2.7990000000000004,0.0,0.0
96,flexaggrod,0,4.09,0.0,-1.3125
96,flexaggrod,1,3.769,0.0,1.3125
96,flexaggrod,0,3.769,0.0,0.0
97,flexaggrod,1,1.254,0.0,1.4375
97,flexaggrod,0,4.09,0.0,0.0
97,flexaggrod,0,1.7690000000000001,0.0,-1.4375
97,flexaggrod,0,2.7990000000000004,0.0,0.0
98,flexaggrod,1,2.7390000000000003,0.0,4.3125
98,flexaggrod,0,3.769,0.0,-1.4375
98,flexaggrod,0,2.769,0.0,-1.4375
98,flexaggrod,0,3.0900000000000003,0.0,-1.4375
99,flexaggrod,0,3.769,0.0,-1.3125
99,flexaggrod,1,2.2239999999999998,0.0,3.9375
99,flexaggrod,0,3.0900000000000003,0.0,-1.3125
99,flexaggrod,0,2.7990000000000004,0.0,-1.3125
100,flexaggrod,0,2.284,0.0,-1.4375
100,flexaggrod,0,3.769,0.0,-1.4375
100,flexaggrod,1,2.284,0.0,4.3125
100,flexaggrod,0,3.769,0.0,-1.4375
101,flexaggrod,1,4.06,0.0,1.5
101,flexaggrod,0,2.284,0.0,0.0
101,flexaggrod,0,3.254,0.0,0.0
101,flexaggrod,0,2.2239999999999998,0.0,-1.5
102,flexaggrod,0,2.7990000000000004,0.0,0.0
102,flexaggrod,0,2.2239999999999998,0.0,-1.375
102,flexaggrod,1,3.254,0.0,1.375
102,flexaggrod,0,3.254,0.0,0.0
103,flexaggrod,1,3.254,0.0,1.375
103,flexaggrod,0,2.284,0.0,0.0
103,flexaggrod,0,4.09,0.0,-1.375
103,flexaggrod,0,2.769,0.0,0.0
104,flexaggrod,1,2.7390000000000003,0.0,2.4375
104,flexaggrod,0,1.7690000000000001,0.0,-0.8125
104,flexaggrod,0,2.7390000000000003,0.0,-0.8125
104,flexaggrod,0,4.06,0.0,-0.8125
105,flexaggrod,1,1.7690000000000001,0.0,1.375
105,flexaggrod,0,3.12,0.0,0.0
105,flexaggrod,0,2.7990000000000004,0.0,-1.375
105,flexaggrod,0,3.254,0.0,0.0
106,flexaggrod,1,3.769,0.0,4.6875
106,flexaggrod,0,3.12,0.0,-1.5625
106,flexaggrod,0,3.769,0.0,-1.5625
106,flexaggrod,0,3.0900000000000003,0.0,-1.5625
107,flexaggrod,1,2.769,0.0,3.9375
107,flexaggrod,0,3.769,0.0,-1.3125
107,flexaggrod,0,2.254,0.0,-1.3125
107,flexaggrod,0,2.254,0.0,-1.3125
108,flexaggrod,0,2.7390000000000003,0.0,0.0
108,flexaggrod,1,2.769,0.0,1.4375
108,flexaggrod,0,2.7990000000000004,0.0,-1.4375
108,flexaggrod,0,3.254,0.0,0.0
109,flexaggrod,0,2.7990000000000004,0.0,0.0
109,flexaggrod,0,3.769,0.0,-1.375
109,flexaggrod,1,1.7690000000000001,0.0,1.375
109,flexaggrod,0,3.769,0.0,0.0
110,flexaggrod,1,2.7990000000000004,0.0,1.375
110,flexaggrod,0,3.254,0.0,0.0
110,flexaggrod,0,2.7390000000000003,0.0,-1.375
110,flexaggrod,0,3.769,0.0,0.0
111,flexaggrod,0,5.06,0.0,0.0
111,flexaggrod,1,2.7390000000000003,0.0,1.4375
111,flexaggrod,0,4.06,0.0,-1.4375
111,flexaggrod,0,5.06,0.0,0.0
112,flexaggrod,1,3.769,0.0,1.375
112,flexaggrod,0,3.769,0.0,0.0
112,flexaggrod,0,3.254,0.0,0.0
112,flexaggrod,0,1.829,0.0,-1.375
113,flexaggrod,0,1.829,0.0,-1.625
113,flexaggrod,0,2.7390000000000003,0.0,0.0
113,flexaggrod,0,3.254,0.0,0.0
113,flexaggrod,1,2.7390000000000003,0.0,1.625
114,flexaggrod,0,3.254,0.0,-1.375
114,flexaggrod,1,3.254,0.0,1.375
114,flexaggrod,0,2.7990000000000004,0.0,0.0
114,flexaggrod,0,5.06,0.0,0.0
115,flexaggrod,0,2.7990000000000004,0.0,-1.4375
115,flexaggrod,1,2.2239999999999998,0.0,1.4375
115,flexaggrod,0,2.7990000000000004,0.0,0.0
115,flexaggrod,0,3.254,0.0,0.0
116,flexaggrod,0,3.769,0.0,-1.5
116,flexaggrod,0,3.0900000000000003,0.0,-1.5
116,flexaggrod,0,3.254,0.0,-1.5
116,flexaggrod,1,2.284,0.0,4.5
117,flexaggrod,1,2.7990000000000004,0.0,1.5
117,flexaggrod,0,2.7390000000000003,0.0,0.0
117,flexaggrod,0,3.769,0.0,0.0
117,flexaggrod,0,3.254,0.0,-1.5
118,flexaggrod,0,4.06,0.0,0.0
118,flexaggrod,0,3.769,0.0,-1.4375
118,flexaggrod,0,2.2239999999999998,0.0,0.0
118,flexaggrod,1,3.769,0.0,1.4375
119,flexaggrod,0,2.7390000000000003,0.0,-2.75
119,flexaggrod,0,5.06,0.0,-2.75
119,flexaggrod,0,4.09,0.0,-2.75
119,flexaggrod,1,3.769,0.0,7.5
120,flexaggrod,0,3.254,0.0,0.0
120,flexaggrod,0,2.7990000000000004,0.0,0.0
120,flexaggrod,0,2.254,0.0,0.0
120,flexaggrod,0,1.739,0.0,0.0
121,flexaggrod,0,3.254,0.0,-3.125
121,flexaggrod,1,2.7990000000000004,0.0,1.5625
121,flexaggrod,0,2.284,0.0,0.0
121,flexaggrod,1,4.09,0.0,1.5625
122,flexaggrod,1,2.769,0.0,0.75
122,flexaggrod,0,1.829,0.0,0.0
122,flexaggrod,0,2.7390000000000003,0.0,-0.75
122,flexaggrod,0,4.06,0.0,0.0
123,flexaggrod,0,5.06,0.0,-1.4375
123,flexaggrod,1,3.769,0.0,4.3125
123,flexaggrod,0,3.254,0.0,-1.4375
123,flexaggrod,0,3.254,0.0,-1.4375
124,flexaggrod,1,2.7390000000000003,0.0,1.5625
124,flexaggrod,0,3.254,0.0,-1.5625
124,flexaggrod,0,2.284,0.0,0.0
124,flexaggrod,0,5.06,0.0,0.0
125,flexaggrod,0,3.769,0.0,-2.6875
125,flexaggrod,1,1.739,0.0,7.5
125,flexaggrod,0,3.769,0.0,-2.6875
125,flexaggrod,0,3.254,0.0,-2.6875
126,flexaggrod,0,3.769,0.0,-1.4375
126,flexaggrod,1,2.284,0.0,1.4375
126,flexaggrod,0,3.769,0.0,0.0
126,flexaggrod,0,2.284,0.0,0.0
127,flexaggrod,0,2.7390000000000003,0.0,-1.4375
127,flexaggrod,0,5.06,0.0,0.0
127,flexaggrod,1,2.7390000000000003,0.0,1.4375
127,flexaggrod,0,3.254,0.0,0.0
128,flexaggrod,0,3.769,0.0,-1.4375
128,flexaggrod,1,3.254,0.0,1.4375
128,flexaggrod,0,4.09,0.0,0.0
128,flexaggrod,0,3.769,0.0,0.0
129,flexaggrod,0,2.769,0.0,0.0
129,flexaggrod,0,3.12,0.0,-1.3125
129,flexaggrod,1,3.254,0.0,1.3125
129,flexaggrod,0,2.284,0.0,0.0
130,flexaggrod,1,3.12,0.0,4.3125
130,flexaggrod,0,2.769,0.0,-1.4375
130,flexaggrod,0,2.7390000000000003,0.0,-1.4375
130,flexaggrod,0,3.769,0.0,-1.4375
131,flexaggrod,0,3.769,0.0,-1.5
131,flexaggrod,0,3.0900000000000003,0.0,0.0
131,flexaggrod,0,2.7990000000000004,0.0,0.0
131,flexaggrod,1,2.769,0.0,1.5
132,flexaggrod,1,3.254,0.0,1.5
132,flexaggrod,0,2.769,0.0,-2.9375
132,flexaggrod,1,3.254,0.0,1.4375
132,flexaggrod,0,1.7690000000000001,0.0,0.0
133,flexaggrod,0,3.254,0.0,0.0
133,flexaggrod,0,5.06,0.0,-1.375
133,flexaggrod,0,2.284,0.0,0.0
133,flexaggrod,1,3.254,0.0,1.375
134,flexaggrod,1,3.769,0.0,2.625
134,flexaggrod,0,2.284,0.0,0.0
134,flexaggrod,0,2.7990000000000004,0.0,0.0
134,flexaggrod,0,2.284,0.0,-2.625
135,flexaggrod,0,5.06,0.0,-1.375
135,flexaggrod,0,3.769,0.0,0.0
135,flexaggrod,0,3.254,0.0,0.0
135,flexaggrod,1,3.254,0.0,1.375
136,flexaggrod,0,3.769,0.0,0.0
136,flexaggrod,1,3.254,0.0,1.5625
136,flexaggrod,0,2.254,0.0,0.0
136,flexaggrod,0,2.284,0.0,-1.5625
137,flexaggrod,0,1.709,0.0,-1.3125
137,flexaggrod,1,3.254,0.0,3.9375
137,flexaggrod,0,4.06,0.0,-1.3125
137,flexaggrod,0,2.769,0.0,-1.3125
138,flexaggrod,0,2.7390000000000003,0.0,-1.625
138,flexaggrod,0,3.769,0.0,-1.625
138,flexaggrod,0,3.254,0.0,-1.625
138,flexaggrod,1,2.284,0.0,4.875
139,flexaggrod,0,3.12,0.0,0.0
139,flexaggrod,0,1.7690000000000001,0.0,0.0
139,flexaggrod,0,3.12,0.0,0.0
139,flexaggrod,0,2.7390000000000003,0.0,0.0
140,flexaggrod,0,2.284,0.0,-1.375
140,flexaggrod,1,3.0900000000000003,0.0,4.125
140,flexaggrod,0,3.12,0.0,-1.375
140,flexaggrod,0,3.254,0.0,-1.375
141,flexaggrod,0,2.769,0.0,0.0
141,flexaggrod,0,2.7990000000000004,0.0,0.0
141,flexaggrod,1,3.254,0.0,2.8125
141,flexaggrod,0,5.06,0.0,-2.8125
142,flexaggrod,0,2.284,0.0,-1.4375
142,flexaggrod,0,3.769,0.0,0.0
142,flexaggrod,0,2.7990000000000004,0.0,0.0
142,flexaggrod,1,2.284,0.0,1.4375
143,flexaggrod,1,2.7390000000000003,0.0,1.375
143,flexaggrod,0,2.7390000000000003,0.0,0.0
143,flexaggrod,0,4.06,0.0,-1.375
143,flexaggrod,0,2.284,0.0,0.0
144,flexaggrod,0,2.284,0.0,-1.375
144,flexaggrod,0,2.769,0.0,-1.375
144,flexaggrod,0,3.769,0.0,-1.375
144,flexaggrod,1,3.769,0.0,4.125
145,flexaggrod,0,2.7390000000000003,0.0,-1.4375
145,flexaggrod,1,4.09,0.0,4.3125
145,flexaggrod,0,3.0300000000000002,0.0,-1.4375
145,flexaggrod,0,4.09,0.0,-1.4375
146,flexaggrod,0,2.7990000000000004,0.0,-1.3125
146,flexaggrod,1,3.769,0.0,3.9375
146,flexaggrod,0,3.769,0.0,-1.3125
146,flexaggrod,0,2.7990000000000004,0.0,-1.3125
147,flexaggrod,1,2.7990000000000004,0.0,1.4375
147,flexaggrod,0,3.06,0.0,-2.9375
147,flexaggrod,1,3.254,0.0,1.5
147,flexaggrod,0,4.06,0.0,0.0
148,flexaggrod,0,3.254,0.0,0.0
148,flexaggrod,0,5.06,0.0,0.0
148,flexaggrod,0,3.769,0.0,0.0
148,flexaggrod,0,2.7990000000000004,0.0,0.0
149,flexaggrod,0,3.06,0.0,-1.3125
149,flexaggrod,0,2.284,0.0,-1.3125
149,flexaggrod,0,2.7990000000000004,0.0,-1.3125
149,flexaggrod,1,3.254,0.0,3.9375
150,flexaggrod,0,3.769,0.0,-1.3125
150,flexaggrod,0,3.254,0.0,0.0
150,flexaggrod,1,3.12,0.0,1.3125
150,flexaggrod,0,4.09,0.0,0.0
151,flexaggrod,0,3.254,0.0,-2.5625
151,flexaggrod,0,2.254,0.0,0.0
151,flexaggrod,0,4.06,0.0,0.0
151,flexaggrod,1,2.769,0.0,2.5625
152,flexaggrod,0,3.769,0.0,0.0
152,flexaggrod,0,2.284,0.0,0.0
152,flexaggrod,1,2.7390000000000003,0.0,1.625
152,flexaggrod,0,2.7390000000000003,0.0,-1.625
153,flexaggrod,0,3.254,0.0,-1.5
153,flexaggrod,0,5.06,0.0,0.0
153,flexaggrod,0,3.0900000000000003,0.0,0.0
153,flexaggrod,1,3.254,0.0,1.5
154,flexaggrod,0,2.284,0.0,-1.4375
154,flexaggrod,1,4.06,0.0,4.3125
154,flexaggrod,0,3.769,0.0,-1.4375
154,flexaggrod,0,4.09,0.0,-1.4375
155,flexaggrod,1,3.254,0.0,1.5
155,flexaggrod,0,3.06,0.0,0.0
155,flexaggrod,0,3.769,0.0,-1.5
155,flexaggrod,0,4.09,0.0,0.0
156,flexaggrod,1,2.254,0.0,1.375
156,flexaggrod,0,2.7990000000000004,0.0,0.0
156,flexaggrod,0,3.0,0.0,-1.375
156,flexaggrod,0,2.769,0.0,0.0
157,flexaggrod,0,3.769,0.0,-1.3125
157,flexaggrod,0,3.254,0.0,-1.3125
157,flexaggrod,0,3.254,0.0,-1.3125
157,flexaggrod,1,3.12,0.0,3.9375
158,flexaggrod,0,4.09,0.0,-2.5625
158,flexaggrod,0,5.06,0.0,-2.5625
158,flexaggrod,1,3.254,0.0,7.5
158,flexaggrod,0,3.769,0.0,-2.5625
159,flexaggrod,0,2.769,0.0,0.0
159,flexaggrod,0,1.739,0.0,0.0
159,flexaggrod,0,2.769,0.0,0.0
159,flexaggrod,0,2.284,0.0,0.0
160,flexaggrod,0,3.0900000000000003,0.0,0.0
160,flexaggrod,0,2.769,0.0,0.0
160,flexaggrod,1,3.254,0.0,4.0
160,flexaggrod,0,2.254,0.0,-4.0
161,flexaggrod,0,3.254,0.0,0.0
161,flexaggrod,1,5.06,0.0,1.375
161,flexaggrod,0,3.769,0.0,0.0
161,flexaggrod,0,2.7990000000000004,0.0,-1.375
162,flexaggrod,0,1.739,0.0,-1.375
162,flexaggrod,0,2.769,0.0,0.0
162,flexaggrod,0,5.06,0.0,0.0
162,flexaggrod,1,3.254,0.0,1.375
163,flexaggrod,1,2.2239999999999998,0.0,4.3125
163,flexaggrod,0,2.769,0.0,-1.4375
163,flexaggrod,0,3.769,0.0,-1.4375
163,flexaggrod,0,3.12,0.0,-1.4375
164,flexaggrod,0,2.769,0.0,0.0
164,flexaggrod,1,4.06,0.0,1.375
164,flexaggrod,0,4.03,0.0,0.0
164,flexaggrod,0,3.254,0.0,-1.375
165,flexaggrod,0,1.799,0.0,-1.25
165,flexaggrod,1,4.06,0.0,3.75
165,flexaggrod,0,3.769,0.0,-1.25
165,flexaggrod,0,3.769,0.0,-1.25
166,flexaggrod,0,4.06,0.0,-2.6875
166,flexaggrod,1,2.769,0.0,7.5
166,flexaggrod,0,2.769,0.0,-2.6875
166,flexaggrod,0,3.254,0.0,-2.6875
167,flexaggrod,0,3.769,0.0,-1.4375
167,flexaggrod,0,2.7990000000000004,0.0,0.0
167,flexaggrod,0,2.769,0.0,0.0
167,flexaggrod,1,3.769,0.0,1.4375
168,flexaggrod,0,5.06,0.0,-1.25
168,flexaggrod,1,1.254,0.0,3.75
168,flexaggrod,0,2.7990000000000004,0.0,-1.25
168,flexaggrod,0,2.7990000000000004,0.0,-1.25
169,flexaggrod,0,4.06,0.0,0.0
169,flexaggrod,0,5.06,0.0,0.0
169,flexaggrod,0,2.7390000000000003,0.0,-1.375
169,flexaggrod,1,1.829,0.0,1.375
170,flexaggrod,1,2.769,0.0,1.4375
170,flexaggrod,0,2.769,0.0,-1.4375
170,flexaggrod,0,3.12,0.0,0.0
170,flexaggrod,0,3.769,0.0,0.0
171,flexaggrod,0,2.254,0.0,-1.4375
171,flexaggrod,0,3.12,0.0,-1.4375
171,flexaggrod,1,3.769,0.0,4.3125
171,flexaggrod,0,3.254,0.0,-1.4375
172,flexaggrod,0,4.06,0.0,-1.3125
172,flexaggrod,0,2.769,0.0,-1.3125
172,flexaggrod,1,2.284,0.0,3.9375
172,flexaggrod,0,4.06,0.0,-1.3125
173,flexaggrod,0,2.284,0.0,-1.375
173,flexaggrod,0,2.7390000000000003,0.0,0.0
173,flexaggrod,0,2.7390000000000003,0.0,0.0
173,flexaggrod,1,4.06,0.0,1.375
174,flexaggrod,0,3.254,0.0,-1.4375
174,flexaggrod,1,2.7390000000000003,0.0,1.4375
174,flexaggrod,0,3.769,0.0,0.0
174,flexaggrod,0,1.739,0.0,0.0
175,flexaggrod,1,1.2839999999999998,0.0,1.3125
175,flexaggrod,0,3.769,0.0,0.0
175,flexaggrod,0,3.254,0.0,-1.3125
175,flexaggrod,0,2.284,0.0,0.0
176,flexaggrod,0,2.7990000000000004,0.0,-1.25
176,flexaggrod,0,5.06,0.0,-1.25
176,flexaggrod,1,4.06,0.0,3.75
176,flexaggrod,0,4.09,0.0,-1.25
177,flexaggrod,0,2.7990000000000004,0.0,0.0
177,flexaggrod,0,2.7990000000000004,0.0,-1.3125
177,flexaggrod,1,4.06,0.0,1.3125
177,flexaggrod,0,2.7990000000000004,0.0,0.0
178,flexaggrod,0,4.09,0.0,0.0
178,flexaggrod,0,2.7990000000000004,0.0,0.0
178,flexaggrod,1,2.769,0.0,1.5625
178,flexaggrod,0,1.799,0.0,-1.5625
179,flexaggrod,0,4.09,0.0,0.0
179,flexaggrod,1,2.7990000000000004,0.0,1.4375
179,flexaggrod,0,2.7990000000000004,0.0,-1.4375
179,flexaggrod,0,3.769,0.0,0.0
180,flexaggrod,0,3.06,0.0,0.0
180,flexaggrod,1,3.769,0.0,1.4375
180,flexaggrod,1,3.254,0.0,1.3125
180,flexaggrod,0,3.254,0.0,-2.75
181,flexaggrod,1,1.829,0.0,3.9375
181,flexaggrod,0,1.799,0.0,0.0
181,flexaggrod,0,2.769,0.0,0.0
181,flexaggrod,0,3.254,0.0,-3.9375
182,flexaggrod,0,3.769,0.0,-1.5625
182,flexaggrod,0,2.7990000000000004,0.0,0.0
182,flexaggrod,0,3.769,0.0,0.0
182,flexaggrod,1,4.03,0.0,1.5625
183,flexaggrod,0,3.254,0.0,-0.1875
183,flexaggrod,1,4.09,0.0,1.5
183,flexaggrod,0,2.769,0.0,-1.375
183,flexaggrod,0,3.12,0.0,0.0625
184,flexaggrod,0,3.0900000000000003,0.0,-1.375
184,flexaggrod,0,5.06,0.0,0.0
184,flexaggrod,0,3.0900000000000003,0.0,0.0
184,flexaggrod,1,3.06,0.0,1.375
185,flexaggrod,1,5.06,0.0,1.4375
185,flexaggrod,0,3.254,0.0,-2.75
185,flexaggrod,0,2.254,0.0,0.0
185,flexaggrod,1,4.06,0.0,1.3125
186,flexaggrod,1,4.06,0.0,4.5
186,flexaggrod,0,4.06,0.0,-1.5
186,flexaggrod,0,2.769,0.0,-1.5
186,flexaggrod,0,2.769,0.0,-1.5
187,flexaggrod,1,2.7990000000000004,0.0,3.9375
187,flexaggrod,0,1.7690000000000001,0.0,-1.3125
187,flexaggrod,0,2.2239999999999998,0.0,-1.3125
187,flexaggrod,0,3.06,0.0,-1.3125
188,flexaggrod,0,3.254,0.0,-1.375
188,flexaggrod,0,3.254,0.0,-1.375
188,flexaggrod,1,1.799,0.0,4.125
188,flexaggrod,0,2.254,0.0,-1.375
189,flexaggrod,1,3.769,0.0,4.5
189,flexaggrod,0,3.254,0.0,-1.5
189,flexaggrod,0,2.769,0.0,-1.5
189,flexaggrod,0,2.7990000000000004,0.0,-1.5
190,flexaggrod,0,2.7990000000000004,0.0,0.0
190,flexaggrod,0,2.769,0.0,0.0
190,flexaggrod,1,1.799,0.0,1.3125
190,flexaggrod,0,2.7390000000000003,0.0,-1.3125
191,flexaggrod,0,2.7990000000000004,0.0,-1.375
191,flexaggrod,0,2.284,0.0,-1.375
191,flexaggrod,0,5.06,0.0,-1.375
191,flexaggrod,1,2.284,0.0,4.125
192,flexaggrod,1,4.09,0.0,3.75
192,flexaggrod,0,2.7990000000000004,0.0,-1.25
192,flexaggrod,0,3.12,0.0,-1.25
192,flexaggrod,0,1.739,0.0,-1.25
193,flexaggrod,0,3.769,0.0,0.0
193,flexaggrod,0,4.09,0.0,0.0
193,flexaggrod,0,1.7690000000000001,0.0,-1.375
193,flexaggrod,1,2.254,0.0,1.375
194,flexaggrod,1,4.09,0.0,1.5
194,flexaggrod,0,3.254,0.0,0.0
194,flexaggrod,0,3.254,0.0,-1.5
194,flexaggrod,0,3.254,0.0,0.0
195,flexaggrod,1,1.7690000000000001,0.0,1.375
195,flexaggrod,0,2.7390000000000003,0.0,0.0
195,flexaggrod,0,3.769,0.0,-1.375
195,flexaggrod,0,2.7990000000000004,0.0,0.0
196,flexaggrod,1,1.829,0.0,3.75
196,flexaggrod,0,2.7990000000000004,0.0,-1.25
196,flexaggrod,0,3.254,0.0,-1.25
196,flexaggrod,0,2.769,0.0,-1.25
197,flexaggrod,1,1.739,0.0,4.375
197,flexaggrod,0,3.0900000000000003,0.0,-1.375
197,flexaggrod,0,3.12,0.0,-1.375
197,flexaggrod,0,2.769,0.0,-1.625
198,flexaggrod,1,4.09,0.0,1.5
198,flexaggrod,0,4.09,0.0,0.0
198,flexaggrod,0,5.06,0.0,0.0
198,flexaggrod,0,2.7990000000000004,0.0,-1.5
199,flexaggrod,0,3.254,0.0,0.0
199,flexaggrod,0,2.769,0.0,-1.5
199,flexaggrod,1,3.769,0.0,1.5
199,flexaggrod,0,3.254,0.0,0.0
200,flexaggrod,0,2.2239999999999998,0.0,-1.4375
200,flexaggrod,1,4.09,0.0,1.4375
200,flexaggrod,0,5.06,0.0,0.0
200,flexaggrod,0,2.7390000000000003,0.0,0.0
201,flexaggrod,0,3.12,0.0,-1.375
201,flexaggrod,0,2.7990000000000004,0.0,0.0
201,flexaggrod,1,3.254,0.0,1.375
201,flexaggrod,0,3.254,0.0,0.0
202,flexaggrod,0,3.254,0.0,0.0
202,flexaggrod,0,5.06,0.0,0.0
202,flexaggrod,1,4.06,0.0,1.5
202,flexaggrod,0,2.769,0.0,-1.5
203,flexaggrod,1,2.769,0.0,2.625
203,flexaggrod,0,4.09,0.0,-2.625
203,flexaggrod,0,2.284,0.0,0.0
203,flexaggrod,0,4.06,0.0,0.0
204,flexaggrod,0,5.06,0.0,0.0
204,flexaggrod,0,2.7990000000000004,0.0,0.0
204,flexaggrod,0,3.769,0.0,0.0
204,flexaggrod,0,4.06,0.0,0.0
205,flexaggrod,0,2.284,0.0,0.0625
205,flexaggrod,0,2.284,0.0,-1.4375
205,flexaggrod,0,2.7990000000000004,0.0,-0.1875
205,flexaggrod,1,3.769,0.0,1.5625
206,flexaggrod,1,2.7390000000000003,0.0,4.125
206,flexaggrod,0,1.829,0.0,-1.375
206,flexaggrod,0,4.06,0.0,-1.375
206,flexaggrod,0,3.254,0.0,-1.375
207,flexaggrod,0,2.769,0.0,0.0
207,flexaggrod,0,2.284,0.0,0.0
207,flexaggrod,0,2.254,0.0,0.0
207,flexaggrod,0,2.254,0.0,0.0
208,flexaggrod,0,2.284,0.0,0.0
208,flexaggrod,0,2.7390000000000003,0.0,0.0
208,flexaggrod,0,3.254,0.0,0.0
208,flexaggrod,0,4.09,0.0,0.0
209,flexaggrod,0,2.254,0.0,-1.5
209,flexaggrod,0,2.7390000000000003,0.0,-1.5
209,flexaggrod,0,4.06,0.0,-1.5
209,flexaggrod,1,5.06,0.0,4.5
210,flexaggrod,0,2.769,0.0,-3.9375
210,flexaggrod,1,1.7690000000000001,0.0,2.5625
210,flexaggrod,0,3.12,0.0,0.0
210,flexaggrod,1,1.799,0.0,1.375
211,flexaggrod,1,2.284,0.0,2.875
211,flexaggrod,0,3.769,0.0,-2.875
211,flexaggrod,0,2.284,0.0,0.0
211,flexaggrod,0,1.829,0.0,0.0
212,flexaggrod,1,3.769,0.0,1.375
212,flexaggrod,0,5.06,0.0,0.0
212,flexaggrod,0,1.829,0.0,0.0
212,flexaggrod,0,4.06,0.0,-1.375
213,flexaggrod,0,2.284,0.0,0.0
213,flexaggrod,1,2.7390000000000003,0.0,2.625
213,flexaggrod,0,3.769,0.0,-2.625
213,flexaggrod,0,3.254,0.0,0.0
214,flexaggrod,0,3.254,0.0,-1.4375
214,flexaggrod,0,3.254,0.0,-1.4375
214,flexaggrod,1,2.7390000000000003,0.0,4.3125
214,flexaggrod,0,1.739,0.0,-1.4375
215,flexaggrod,0,2.769,0.0,0.0
215,flexaggrod,1,3.0900000000000003,0.0,1.375
215,flexaggrod,0,2.284,0.0,-1.375
215,flexaggrod,0,2.7390000000000003,0.0,0.0
216,flexaggrod,0,2.254,0.0,0.0
216,flexaggrod,0,5.06,0.0,0.0
216,flexaggrod,0,2.7390000000000003,0.0,0.0
216,flexaggrod,0,2.7390000000000003,0.0,0.0
217,flexaggrod,1,2.284,0.0,3.9375
217,flexaggrod,0,3.254,0.0,-1.3125
217,flexaggrod,0,4.06,0.0,-1.3125
217,flexaggrod,0,3.769,0.0,-1.3125
218,flexaggrod,1,2.7390000000000003,0.0,1.375
218,flexaggrod,0,2.254,0.0,-1.375
218,flexaggrod,0,2.769,0.0,0.0
218,flexaggrod,0,1.799,0.0,0.0
219,flexaggrod,0,3.0900000000000003,0.0,0.0
219,flexaggrod,1,2.2239999999999998,0.0,2.6875
219,flexaggrod,0,2.7390000000000003,0.0,-2.6875
219,flexaggrod,0,2.769,0.0,0.0
220,flexaggrod,0,2.2239999999999998,0.0,0.0
220,flexaggrod,1,1.7690000000000001,0.0,1.4375
220,flexaggrod,0,2.769,0.0,0.0
220,flexaggrod,0,3.0900000000000003,0.0,-1.4375
221,flexaggrod,0,2.769,0.0,-1.4375
221,flexaggrod,0,2.2239999999999998,0.0,-1.4375
221,flexaggrod,0,3.769,0.0,-1.4375
221,flexaggrod,1,2.7990000000000004,0.0,4.3125
222,flexaggrod,0,2.7990000000000004,0.0,-1.3125
222,flexaggrod,0,3.254,0.0,-1.3125
222,flexaggrod,0,2.7990000000000004,0.0,-1.3125
222,flexaggrod,1,3.769,0.0,3.9375
223,flexaggrod,0,3.769,0.0,-1.3125
223,flexaggrod,1,2.7990000000000004,0.0,3.9375
223,flexaggrod,0,3.769,0.0,-1.3125
223,flexaggrod,0,2.7390000000000003,0.0,-1.3125
224,flexaggrod,0,5.06,0.0,-1.4375
224,flexaggrod,0,3.254,0.0,0.0
224,flexaggrod,1,3.12,0.0,1.4375
224,flexaggrod,0,3.769,0.0,0.0
225,flexaggrod,0,4.09,0.0,0.0
225,flexaggrod,0,2.7990000000000004,0.0,0.0
225,flexaggrod,0,4.06,0.0,-1.6875
225,flexaggrod,1,4.09,0.0,1.6875
226,flexaggrod,0,3.769,0.0,0.0
226,flexaggrod,0,2.284,0.0,0.0
226,flexaggrod,0,1.7690000000000001,0.0,-1.4375
226,flexaggrod,1,2.7990000000000004,0.0,1.4375
227,flexaggrod,0,2.7390000000000003,0.0,-1.5
227,flexaggrod,0,2.284,0.0,-1.5
227,flexaggrod,0,2.284,0.0,-1.5
227,flexaggrod,1,2.7990000000000004,0.0,4.5
228,flexaggrod,0,2.769,0.0,-1.5
228,flexaggrod,0,4.06,0.0,-1.5
228,flexaggrod,1,1.739,0.0,4.5
228,flexaggrod,0,3.769,0.0,-1.5
229,flexaggrod,0,3.769,0.0,-1.3125
229,flexaggrod,0,2.7390000000000003,0.0,0.0
229,flexaggrod,1,3.254,0.0,1.3125
229,flexaggrod,0,3.0900000000000003,0.0,0.0
230,flexaggrod,0,1.799,0.0,-1.3125
230,flexaggrod,0,2.7990000000000004,0.0,0.0
230,flexaggrod,1,2.769,0.0,1.3125
230,flexaggrod,0,4.06,0.0,0.0
231,flexaggrod,0,3.769,0.0,-1.4375
231,flexaggrod,0,2.769,0.0,-1.4375
231,flexaggrod,1,2.284,0.0,4.3125
231,flexaggrod,0,4.09,0.0,-1.4375
232,flexaggrod,0,2.7390000000000003,0.0,-1.3125
232,flexaggrod,0,2.7990000000000004,0.0,-1.3125
232,flexaggrod,0,2.769,0.0,-1.3125
232,flexaggrod,1,3.254,0.0,3.9375
233,flexaggrod,0,2.7990000000000004,0.0,-1.25
233,flexaggrod,0,2.7390000000000003,0.0,-1.25
233,flexaggrod,1,2.7390000000000003,0.0,3.75
233,flexaggrod,0,3.254,0.0,-1.25
234,flexaggrod,0,3.254,0.0,-2.625
234,flexaggrod,0,3.254,0.0,-2.625
234,flexaggrod,1,4.06,0.0,7.5
234,flexaggrod,0,3.254,0.0,-2.625
235,flexaggrod,0,5.06,0.0,-1.5
235,flexaggrod,1,2.7990000000000004,0.0,1.5
235,flexaggrod,0,2.7390000000000003,0.0,0.0
235,flexaggrod,0,4.06,0.0,0.0
236,flexaggrod,1,3.769,0.0,1.5
236,flexaggrod,0,2.284,0.0,0.0
236,flexaggrod,0,3.0900000000000003,0.0,-1.5
236,flexaggrod,0,2.7390000000000003,0.0,0.0
237,flexaggrod,0,2.7390000000000003,0.0,-1.5
237,flexaggrod,0,3.769,0.0,0.0
237,flexaggrod,0,4.06,0.0,0.0
237,flexaggrod,1,2.254,0.0,1.5
238,flexaggrod,0,2.7990000000000004,0.0,0.0
238,flexaggrod,0,3.254,0.0,0.0
238,flexaggrod,0,2.284,0.0,0.0
238,flexaggrod,0,3.769,0.0,0.0
239,flexaggrod,1,2.7390000000000003,0.0,1.375
239,flexaggrod,0,4.09,0.0,0.0
239,flexaggrod,0,3.769,0.0,-1.375
239,flexaggrod,0,3.254,0.0,0.0
240,flexaggrod,0,3.254,0.0,-1.375
240,flexaggrod,1,3.254,0.0,1.375
240,flexaggrod,0,2.7390000000000003,0.0,0.0
240,flexaggrod,0,2.7390000000000003,0.0,0.0
241,flexaggrod,0,3.254,0.0,-1.375
241,flexaggrod,0,5.06,0.0,0.0
241,flexaggrod,1,3.254,0.0,1.375
241,flexaggrod,0,5.06,0.0,0.0
242,flexaggrod,0,3.254,0.0,-1.375
242,flexaggrod,0,3.769,0.0,0.0
242,flexaggrod,1,2.769,0.0,1.375
242,flexaggrod,0,2.7390000000000003,0.0,0.0
243,flexaggrod,0,2.284,0.0,0.0
243,flexaggrod,0,3.254,0.0,-1.4375
243,flexaggrod,1,3.254,0.0,1.4375
243,flexaggrod,0,1.7690000000000001,0.0,0.0
244,flexaggrod,0,1.7690000000000001,0.0,-1.5
244,flexaggrod,1,2.7390000000000003,0.0,4.5
244,flexaggrod,0,2.7390000000000003,0.0,-1.5
244,flexaggrod,0,1.7690000000000001,0.0,-1.5
245,flexaggrod,0,4.06,0.0,0.0
245,flexaggrod,0,3.12,0.0,-1.4375
245,flexaggrod,0,2.769,0.0,0.0
245,flexaggrod,1,2.254,0.0,1.4375
246,flexaggrod,0,2.7390000000000003,0.0,-1.375
246,flexaggrod,1,3.12,0.0,1.375
246,flexaggrod,0,3.769,0.0,0.0
246,flexaggrod,0,2.769,0.0,0.0
247,flexaggrod,0,3.254,0.0,-1.5625
247,flexaggrod,0,2.7390000000000003,0.0,0.0
247,flexaggrod,1,2.7390000000000003,0.0,1.5625
247,flexaggrod,0,1.829,0.0,0.0
248,flexaggrod,1,3.254,0.0,4.5
248,flexaggrod,0,2.7990000000000004,0.0,-1.5
248,flexaggrod,0,2.769,0.0,-1.5
248,flexaggrod,0,1.2839999999999998,0.0,-1.5
249,flexaggrod,0,2.769,0.0,0.0
249,flexaggrod,1,1.829,0.0,1.4375
249,flexaggrod,0,4.09,0.0,-1.4375
249,flexaggrod,0,3.0900000000000003,0.0,0.0
250,flexaggrod,1,3.254,0.0,1.375
250,flexaggrod,0,3.769,0.0,-1.375
250,flexaggrod,0,2.254,0.0,0.0
250,flexaggrod,0,1.7690000000000001,0.0,0.0
251,flexaggrod,0,2.7990000000000004,0.0,-1.25
251,flexaggrod,0,1.7690000000000001,0.0,-1.25
251,flexaggrod,1,4.09,0.0,3.75
251,flexaggrod,0,2.2239999999999998,0.0,-1.25
252,flexaggrod,0,3.254,0.0,0.0
252,flexaggrod,0,3.254,0.0,0.0
252,flexaggrod,0,3.254,0.0,0.0
252,flexaggrod,0,3.769,0.0,0.0
253,flexaggrod,0,2.769,0.0,0.0
253,flexaggrod,1,3.769,0.0,1.375
253,flexaggrod,0,3.769,0.0,-1.375
253,flexaggrod,0,2.7990000000000004,0.0,0.0
254,flexaggrod,0,2.7390000000000003,0.0,0.0
254,flexaggrod,0,3.254,0.0,-1.4375
254,flexaggrod,1,2.284,0.0,1.4375
254,flexaggrod,0,2.284,0.0,0.0
255,flexaggrod,0,2.254,0.0,-1.375
255,flexaggrod,1,3.769,0.0,1.375
255,flexaggrod,0,2.769,0.0,0.0
255,flexaggrod,0,1.829,0.0,0.0
256,flexaggrod,1,2.7390000000000003,0.0,1.375
256,flexaggrod,0,5.06,0.0,-1.375
256,flexaggrod,0,3.254,0.0,0.0
256,flexaggrod,0,2.284,0.0,0.0
257,flexaggrod,0,2.7990000000000004,0.0,0.0
257,flexaggrod,0,3.12,0.0,-1.5
257,flexaggrod,0,4.09,0.0,0.0
257,flexaggrod,1,2.769,0.0,1.5
258,flexaggrod,0,2.7990000000000004,0.0,-1.375
258,flexaggrod,1,3.254,0.0,4.125
258,flexaggrod,0,2.769,0.0,-1.375
258,flexaggrod,0,2.7390000000000003,0.0,-1.375
259,flexaggrod,1,3.769,0.0,4.3125
259,flexaggrod,0,4.09,0.0,-1.4375
259,flexaggrod,0,3.254,0.0,-1.4375
259,flexaggrod,0,3.254,0.0,-1.4375
260,flexaggrod,1,2.7990000000000004,0.0,1.5
260,flexaggrod,0,2.769,0.0,-2.875
260,flexaggrod,0,3.06,0.0,0.0
260,flexaggrod,1,2.254,0.0,1.375
261,flexaggrod,0,4.09,0.0,-1.3125
261,flexaggrod,1,2.254,0.0,1.3125
261,flexaggrod,0,5.06,0.0,0.0
261,flexaggrod,0,3.254,0.0,0.0
262,flexaggrod,0,2.7990000000000004,0.0,0.0
262,flexaggrod,1,2.284,0.0,1.375
262,flexaggrod,0,2.7990000000000004,0.0,-1.375
262,flexaggrod,0,3.769,0.0,0.0
263,flexaggrod,0,2.769,0.0,0.0
263,flexaggrod,0,2.769,0.0,0.0
263,flexaggrod,0,4.06,0.0,0.0
263,flexaggrod,0,3.769,0.0,0.0
264,flexaggrod,0,2.2239999999999998,0.0,0.0
264,flexaggrod,0,5.06,0.0,0.0
264,flexaggrod,1,3.254,0.0,1.4375
264,flexaggrod,0,5.06,0.0,-1.4375
265,flexaggrod,0,3.0900000000000003,0.0,0.0
265,flexaggrod,0,4.09,0.0,0.0
265,flexaggrod,1,2.254,0.0,2.75
265,flexaggrod,0,2.284,0.0,-2.75
266,flexaggrod,0,3.769,0.0,-1.375
266,flexaggrod,1,4.09,0.0,1.375
266,flexaggrod,0,3.769,0.0,0.0
266,flexaggrod,0,2.254,0.0,0.0
267,flexaggrod,1,2.7990000000000004,0.0,1.375
267,flexaggrod,0,1.7690000000000001,0.0,-1.375
267,flexaggrod,0,3.254,0.0,0.0
267,flexaggrod,0,2.7390000000000003,0.0,0.0
268,flexaggrod,0,2.769,0.0,-1.3125
268,flexaggrod,0,3.254,0.0,-1.3125
268,flexaggrod,0,1.799,0.0,-1.3125
268,flexaggrod,1,2.7990000000000004,0.0,3.9375
269,flexaggrod,0,2.7390000000000003,0.0,-1.4375
269,flexaggrod,0,2.769,0.0,0.0
269,flexaggrod,1,2.769,0.0,1.4375
269,flexaggrod,0,2.769,0.0,0.0
270,flexaggrod,1,3.769,0.0,1.375
270,flexaggrod,0,2.7390000000000003,0.0,0.0
270,flexaggrod,0,3.769,0.0,-1.375
270,flexaggrod,0,2.769,0.0,0.0
271,flexaggrod,0,1.3139999999999998,0.0,-1.25
271,flexaggrod,1,1.829,0.0,3.75
271,flexaggrod,0,2.7390000000000003,0.0,-1.25
271,flexaggrod,0,2.7990000000000004,0.0,-1.25
272,flexaggrod,1,2.7390000000000003,0.0,1.5
272,flexaggrod,0,3.254,0.0,0.0
272,flexaggrod,0,3.769,0.0,-1.5
272,flexaggrod,0,1.829,0.0,0.0
273,flexaggrod,0,1.829,0.0,0.0
273,flexaggrod,0,2.254,0.0,0.0
273,flexaggrod,0,2.7990000000000004,0.0,0.0
273,flexaggrod,0,2.7990000000000004,0.0,0.0
274,flexaggrod,1,2.769,0.0,1.375
274,flexaggrod,0,3.254,0.0,-1.375
274,flexaggrod,0,2.769,0.0,0.0
274,flexaggrod,0,3.06,0.0,0.0
275,flexaggrod,1,2.7390000000000003,0.0,1.4375
275,flexaggrod,0,2.7990000000000004,0.0,0.0
275,flexaggrod,0,3.769,0.0,-1.4375
275,flexaggrod,0,3.0900000000000003,0.0,0.0
276,flexaggrod,0,2.254,0.0,-1.5
276,flexaggrod,0,2.7990000000000004,0.0,-1.5
276,flexaggrod,0,4.09,0.0,-1.5
276,flexaggrod,1,2.769,0.0,4.5
277,flexaggrod,0,4.09,0.0,-1.25
277,flexaggrod,0,2.7390000000000003,0.0,-1.25
277,flexaggrod,0,3.254,0.0,-1.25
277,flexaggrod,1,2.769,0.0,3.75
278,flexaggrod,1,2.769,0.0,1.375
278,flexaggrod,0,2.7390000000000003,0.0,-1.375
278,flexaggrod,0,4.06,0.0,0.0
278,flexaggrod,0,2.7990000000000004,0.0,0.0
279,flexaggrod,0,3.769,0.0,-1.375
279,flexaggrod,0,1.799,0.0,-1.375
279,flexaggrod,1,3.254,0.0,4.125
279,flexaggrod,0,2.7990000000000004,0.0,-1.375
280,flexaggrod,1,1.829,0.0,3.75
280,flexaggrod,0,2.7990000000000004,0.0,-1.25
280,flexaggrod,0,3.769,0.0,-1.25
280,flexaggrod,0,2.284,0.0,-1.25
281,flexaggrod,0,3.0900000000000003,0.0,-1.5625
281,flexaggrod,0,4.06,0.0,-1.5625
281,flexaggrod,1,0.7989999999999999,0.0,4.6875
281,flexaggrod,0,2.7990000000000004,0.0,-1.5625
282,flexaggrod,0,5.06,0.0,0.0
282,flexaggrod,0,1.739,0.0,-1.375
282,flexaggrod,0,4.09,0.0,0.0
282,flexaggrod,1,2.284,0.0,1.375
283,flexaggrod,1,1.829,0.0,1.3125
283,flexaggrod,0,3.769,0.0,-1.3125
283,flexaggrod,0,3.769,0.0,0.0
283,flexaggrod,0,2.284,0.0,0.0
284,flexaggrod,0,3.254,0.0,0.0
284,flexaggrod,1,2.254,0.0,1.375
284,flexaggrod,0,3.769,0.0,0.0
284,flexaggrod,0,2.7990000000000004,0.0,-1.375
285,flexaggrod,0,2.769,0.0,0.0
285,flexaggrod,0,2.284,0.0,-1.375
285,flexaggrod,1,2.284,0.0,1.375
285,flexaggrod,0,2.7990000000000004,0.0,0.0
286,flexaggrod,0,2.7390000000000003,0.0,-1.3125
286,flexaggrod,1,2.769,0.0,3.9375
286,flexaggrod,0,3.06,0.0,-1.3125
286,flexaggrod,0,3.0900000000000003,0.0,-1.3125
287,flexaggrod,0,2.769,0.0,0.0
287,flexaggrod,0,5.06,0.0,0.0
287,flexaggrod,0,3.254,0.0,-1.375
287,flexaggrod,1,2.7990000000000004,0.0,1.375
288,flexaggrod,1,3.254,0.0,1.5625
288,flexaggrod,0,3.0900000000000003,0.0,-1.5625
288,flexaggrod,0,2.7390000000000003,0.0,0.0
288,flexaggrod,0,3.0900000000000003,0.0,0.0
289,flexaggrod,1,3.254,0.0,4.125
289,flexaggrod,0,1.7690000000000001,0.0,-1.375
289,flexaggrod,0,3.769,0.0,-1.375
289,flexaggrod,0,3.254,0.0,-1.375
290,flexaggrod,1,2.7990000000000004,0.0,1.375
290,flexaggrod,0,2.7990000000000004,0.0,0.0
290,flexaggrod,0,3.769,0.0,0.0
290,flexaggrod,0,3.254,0.0,-1.375
291,flexaggrod,0,2.7990000000000004,0.0,0.0
291,flexaggrod,0,4.09,0.0,0.0
291,flexaggrod,1,2.284,0.0,1.3125
291,flexaggrod,0,4.06,0.0,-1.3125
292,flexaggrod,0,5.06,0.0,0.0
292,flexaggrod,0,2.769,0.0,-1.5625
292,flexaggrod,0,3.254,0.0,0.0
292,flexaggrod,1,1.799,0.0,1.5625
293,flexaggrod,0,2.2239999999999998,0.0,0.0
293,flexaggrod,0,4.09,0.0,0.0
293,flexaggrod,0,2.7390000000000003,0.0,-1.4375
293,flexaggrod,1,2.284,0.0,1.4375
294,flexaggrod,0,2.284,0.0,-1.25
294,flexaggrod,0,2.7390000000000003,0.0,-1.25
294,flexaggrod,1,3.769,0.0,3.75
294,flexaggrod,0,1.799,0.0,-1.25
295,flexaggrod,0,2.7990000000000004,0.0,-0.75
295,flexaggrod,0,-0.305,0.0,-0.75
295,flexaggrod,0,3.769,0.0,-0.75
295,flexaggrod,1,2.7390000000000003,0.0,2.25
296,flexaggrod,0,4.09,0.0,0.0
296,flexaggrod,1,2.7390000000000003,0.0,1.4375
296,flexaggrod,0,3.769,0.0,0.0
296,flexaggrod,0,1.829,0.0,-1.4375
297,flexaggrod,1,3.0900000000000003,0.0,1.375
297,flexaggrod,0,2.7990000000000004,0.0,-1.375
297,flexaggrod,0,2.7990000000000004,0.0,0.0
297,flexaggrod,0,2.7990000000000004,0.0,0.0
298,flexaggrod,0,3.254,0.0,-1.25
298,flexaggrod,0,5.06,0.0,-1.25
298,flexaggrod,1,4.09,0.0,3.75
298,flexaggrod,0,3.0900000000000003,0.0,-1.25
299,flexaggrod,0,4.09,0.0,0.0
299,flexaggrod,0,2.254,0.0,0.0
299,flexaggrod,0,3.254,0.0,-1.5
299,flexaggrod,1,3.254,0.0,1.5
300,flexaggrod,0,2.769,0.0,0.0
300,flexaggrod,0,2.284,0.0,0.0
300,flexaggrod,1,5.06,0.0,1.375
300,flexaggrod,0,5.06,0.0,-1.375
301,flexaggrod,1,2.284,0.0,1.375
301,flexaggrod,0,2.769,0.0,-1.375
301,flexaggrod,0,3.769,0.0,0.0
301,flexaggrod,0,2.7390000000000003,0.0,0.0
302,flexaggrod,1,2.7990000000000004,0.0,1.375
302,flexaggrod,0,2.254,0.0,0.0
302,flexaggrod,0,5.06,0.0,0.0
302,flexaggrod,0,2.284,0.0,-1.375
303,flexaggrod,0,3.769,0.0,-1.3125
303,flexaggrod,0,4.06,0.0,-1.3125
303,flexaggrod,0,4.06,0.0,-1.3125
303,flexaggrod,1,2.254,0.0,3.9375
304,flexaggrod,0,2.7390000000000003,0.0,0.0
304,flexaggrod,0,2.769,0.0,-2.75
304,flexaggrod,0,2.769,0.0,0.0
304,flexaggrod,1,1.799,0.0,2.75
305,flexaggrod,0,2.769,0.0,0.0
305,flexaggrod,0,2.254,0.0,-1.375
305,flexaggrod,0,2.769,0.0,0.0
305,flexaggrod,1,3.254,0.0,1.375
306,flexaggrod,1,2.7990000000000004,0.0,1.375
306,flexaggrod,0,2.284,0.0,0.0
306,flexaggrod,0,3.254,0.0,0.0
306,flexaggrod,0,1.7690000000000001,0.0,-1.375
307,flexaggrod,0,3.769,0.0,0.0
307,flexaggrod,0,3.769,0.0,0.0
307,flexaggrod,0,3.769,0.0,-1.375
307,flexaggrod,1,2.769,0.0,1.375
308,flexaggrod,0,2.7990000000000004,0.0,-1.375
308,flexaggrod,0,4.06,0.0,0.0
308,flexaggrod,1,3.06,0.0,1.375
308,flexaggrod,0,4.06,0.0,0.0
309,flexaggrod,0,3.769,0.0,0.0
309,flexaggrod,0,3.254,0.0,-1.375
309,flexaggrod,0,2.769,0.0,0.0
309,flexaggrod,1,3.769,0.0,1.375
310,flexaggrod,0,2.7390000000000003,0.0,-1.4375
310,flexaggrod,0,2.769,0.0,-1.4375
310,flexaggrod,0,2.7390000000000003,0.0,-1.4375
310,flexaggrod,1,2.7390000000000003,0.0,4.3125
311,flexaggrod,0,1.799,0.0,-2.6875
311,flexaggrod,1,2.7390000000000003,0.0,7.5
311,flexaggrod,0,2.7990000000000004,0.0,-2.6875
311,flexaggrod,0,3.769,0.0,-2.6875
312,flexaggrod,0,3.254,0.0,-1.375
312,flexaggrod,0,4.06,0.0,0.0
312,flexaggrod,0,2.769,0.0,0.0
312,flexaggrod,1,2.284,0.0,1.375
313,flexaggrod,0,5.06,0.0,0.0
313,flexaggrod,1,3.12,0.0,1.5
313,flexaggrod,0,4.06,0.0,0.0
313,flexaggrod,0,2.7390000000000003,0.0,-1.5
314,flexaggrod,0,4.09,0.0,-1.375
314,flexaggrod,0,3.254,0.0,-1.375
314,flexaggrod,1,2.7990000000000004,0.0,4.125
314,flexaggrod,0,2.7990000000000004,0.0,-1.375
315,flexaggrod,0,2.254,0.0,0.0
315,flexaggrod,0,3.0900000000000003,0.0,0.0
315,flexaggrod,1,3.254,0.0,1.375
315,flexaggrod,0,5.06,0.0,-1.375
316,flexaggrod,0,5.06,0.0,-1.25
316,flexaggrod,0,2.769,0.0,-1.25
316,flexaggrod,0,3.769,0.0,-1.25
316,flexaggrod,1,5.06,0.0,3.75
317,flexaggrod,1,3.254,0.0,2.6875
317,flexaggrod,0,2.7990000000000004,0.0,-2.6875
317,flexaggrod,0,4.06,0.0,0.0
317,flexaggrod,0,3.769,0.0,0.0
318,flexaggrod,0,3.769,0.0,-1.25
318,flexaggrod,0,2.7990000000000004,0.0,-1.25
318,flexaggrod,0,2.7990000000000004,0.0,-1.25
318,flexaggrod,1,2.769,0.0,3.75
319,flexaggrod,0,3.254,0.0,-1.5
319,flexaggrod,0,3.769,0.0,0.0
319,flexaggrod,1,3.769,0.0,1.5
319,flexaggrod,0,5.06,0.0,0.0
320,flexaggrod,0,3.769,0.0,0.0
320,flexaggrod,0,3.06,0.0,0.0
320,flexaggrod,0,4.09,0.0,-1.4375
320,flexaggrod,1,3.0900000000000003,0.0,1.4375
321,flexaggrod,0,2.284,0.0,0.0
321,flexaggrod,1,2.7990000000000004,0.0,1.4375
321,flexaggrod,0,1.799,0.0,-1.4375
321,flexaggrod,0,1.7690000000000001,0.0,0.0
322,flexaggrod,0,2.7390000000000003,0.0,-1.3125
322,flexaggrod,1,2.769,0.0,3.9375
322,flexaggrod,0,2.7990000000000004,0.0,-1.3125
322,flexaggrod,0,2.769,0.0,-1.3125
323,flexaggrod,0,4.06,0.0,0.0
323,flexaggrod,0,3.254,0.0,0.0
323,flexaggrod,0,2.7390000000000003,0.0,0.0
323,flexaggrod,0,3.769,0.0,0.0
324,flexaggrod,0,3.769,0.0,0.0
324,flexaggrod,1,3.769,0.0,1.375
324,flexaggrod,0,5.06,0.0,0.0
324,flexaggrod,0,4.06,0.0,-1.375
325,flexaggrod,0,3.769,0.0,0.0
325,flexaggrod,0,3.254,0.0,0.0
325,flexaggrod,0,3.254,0.0,-2.625
325,flexaggrod,1,3.769,0.0,2.625
326,flexaggrod,0,2.7390000000000003,0.0,-1.3125
326,flexaggrod,0,2.7390000000000003,0.0,-1.3125
326,flexaggrod,1,2.7990000000000004,0.0,3.9375
326,flexaggrod,0,5.06,0.0,-1.3125
327,flexaggrod,0,3.0900000000000003,0.0,0.0
327,flexaggrod,0,3.254,0.0,0.0
327,flexaggrod,1,3.254,0.0,1.4375
327,flexaggrod,0,3.769,0.0,-1.4375
328,flexaggrod,1,2.7390000000000003,0.0,4.125
328,flexaggrod,0,3.769,0.0,-1.375
328,flexaggrod,0,3.12,0.0,-1.375
328,flexaggrod,0,3.254,0.0,-1.375
329,flexaggrod,0,1.2839999999999998,0.0,-1.75
329,flexaggrod,0,4.06,0.0,0.0
329,flexaggrod,0,3.254,0.0,0.0
329,flexaggrod,1,2.769,0.0,1.75
330,flexaggrod,0,1.829,0.0,0.0
330,flexaggrod,0,4.06,0.0,0.0
330,flexaggrod,1,3.06,0.0,1.5
330,flexaggrod,0,2.284,0.0,-1.5
331,flexaggrod,0,2.254,0.0,0.0
331,flexaggrod,0,2.769,0.0,0.0
331,flexaggrod,0,3.769,0.0,0.0
331,flexaggrod,0,3.254,0.0,0.0
332,flexaggrod,0,3.769,0.0,-1.375
332,flexaggrod,1,2.769,0.0,1.375
332,flexaggrod,0,3.769,0.0,0.0
332,flexaggrod,0,2.254,0.0,0.0
333,flexaggrod,0,2.7990000000000004,0.0,-1.375
333,flexaggrod,0,2.7390000000000003,0.0,-1.375
333,flexaggrod,1,2.284,0.0,4.125
333,flexaggrod,0,2.7990000000000004,0.0,-1.375
334,flexaggrod,0,2.284,0.0,-1.4375
334,flexaggrod,1,3.254,0.0,1.4375
334,flexaggrod,0,1.7690000000000001,0.0,0.0
334,flexaggrod,0,3.254,0.0,0.0
335,flexaggrod,0,3.769,0.0,0.0
335,flexaggrod,0,3.769,0.0,0.0
335,flexaggrod,1,3.254,0.0,1.375
335,flexaggrod,0,2.7390000000000003,0.0,-1.375
336,flexaggrod,1,3.254,0.0,3.9375
336,flexaggrod,0,2.769,0.0,-1.3125
336,flexaggrod,0,3.254,0.0,-1.3125
336,flexaggrod,0,2.769,0.0,-1.3125
337,flexaggrod,0,3.254,0.0,-1.3125
337,flexaggrod,1,3.254,0.0,3.9375
337,flexaggrod,0,1.799,0.0,-1.3125
337,flexaggrod,0,1.7690000000000001,0.0,-1.3125
338,flexaggrod,1,3.12,0.0,3.75
338,flexaggrod,0,3.769,0.0,-1.25
338,flexaggrod,0,2.7990000000000004,0.0,-1.25
338,flexaggrod,0,2.769,0.0,-1.25
339,flexaggrod,0,3.254,0.0,0.0
339,flexaggrod,0,3.0900000000000003,0.0,-1.625
339,flexaggrod,0,3.06,0.0,0.0
339,flexaggrod,1,3.254,0.0,1.625
340,flexaggrod,1,2.769,0.0,3.875
340,flexaggrod,0,2.769,0.0,-3.875
340,flexaggrod,0,3.769,0.0,0.0
340,flexaggrod,0,2.769,0.0,0.0
341,flexaggrod,0,4.06,0.0,-1.375
341,flexaggrod,1,3.254,0.0,1.375
341,flexaggrod,0,2.769,0.0,0.0
341,flexaggrod,0,2.7390000000000003,0.0,0.0
342,flexaggrod,0,2.284,0.0,-1.4375
342,flexaggrod,1,2.7390000000000003,0.0,4.3125
342,flexaggrod,0,1.799,0.0,-1.4375
342,flexaggrod,0,2.769,0.0,-1.4375
343,flexaggrod,0,3.254,0.0,-1.375
343,flexaggrod,1,2.7390000000000003,0.0,4.125
343,flexaggrod,0,3.769,0.0,-1.375
343,flexaggrod,0,5.06,0.0,-1.375
344,flexaggrod,1,2.769,0.0,1.375
344,flexaggrod,0,5.06,0.0,-1.375
344,flexaggrod,0,1.799,0.0,0.0
344,flexaggrod,0,2.7390000000000003,0.0,0.0
345,flexaggrod,0,1.829,0.0,-1.3125
345,flexaggrod,0,3.254,0.0,-1.3125
345,flexaggrod,1,2.7390000000000003,0.0,3.9375
345,flexaggrod,0,5.06,0.0,-1.3125
346,flexaggrod,0,3.254,0.0,0.0
346,flexaggrod,1,3.769,0.0,1.4375
346,flexaggrod,0,4.03,0.0,0.0
346,flexaggrod,0,5.06,0.0,-1.4375
347,flexaggrod,0,3.769,0.0,0.0
347,flexaggrod,0,4.03,0.0,0.0
347,flexaggrod,1,3.254,0.0,1.375
347,flexaggrod,0,3.254,0.0,-1.375
348,flexaggrod,1,5.06,0.0,1.4375
348,flexaggrod,0,3.769,0.0,-1.4375
348,flexaggrod,0,2.769,0.0,0.0
348,flexaggrod,0,3.769,0.0,0.0
349,flexaggrod,0,2.254,0.0,0.0
349,flexaggrod,0,2.284,0.0,0.0
349,flexaggrod,0,2.769,0.0,-1.5
349,flexaggrod,1,1.7690000000000001,0.0,1.5
350,flexaggrod,0,5.06,0.0,0.0
350,flexaggrod,0,1.829,0.0,-1.4375
350,flexaggrod,1,3.769,0.0,1.4375
350,flexaggrod,0,4.09,0.0,0.0
351,flexaggrod,1,1.7690000000000001,0.0,1.9375
351,flexaggrod,0,3.254,0.0,0.0
351,flexaggrod,0,2.769,0.0,0.0
351,flexaggrod,0,1.829,0.0,-1.9375
352,flexaggrod,0,2.7990000000000004,0.0,0.0
352,flexaggrod,1,2.254,0.0,1.4375
352,flexaggrod,0,4.06,0.0,-1.4375
352,flexaggrod,0,2.254,0.0,0.0
353,flexaggrod,1,2.284,0.0,1.375
353,flexaggrod,0,4.06,0.0,0.0
353,flexaggrod,0,2.7390000000000003,0.0,-1.375
353,flexaggrod,0,4.09,0.0,0.0
354,flexaggrod,0,2.284,0.0,-1.4375
354,flexaggrod,0,2.7390000000000003,0.0,-1.4375
354,flexaggrod,1,1.739,0.0,4.3125
354,flexaggrod,0,4.06,0.0,-1.4375
355,flexaggrod,1,3.769,0.0,1.375
355,flexaggrod,0,4.09,0.0,-4.0
355,flexaggrod,0,3.769,0.0,0.0
355,flexaggrod,1,2.7990000000000004,0.0,2.625
356,flexaggrod,0,3.769,0.0,-0.9375
356,flexaggrod,1,3.06,0.0,0.9375
356,flexaggrod,0,3.254,0.0,0.0
356,flexaggrod,0,2.284,0.0,0.0
357,flexaggrod,0,2.254,0.0,0.0
357,flexaggrod,0,3.769,0.0,0.0
357,flexaggrod,0,4.09,0.0,0.0
357,flexaggrod,0,3.769,0.0,0.0
358,flexaggrod,0,3.254,0.0,0.0
358,flexaggrod,0,1.7690000000000001,0.0,0.0
358,flexaggrod,1,3.254,0.0,1.5625
358,flexaggrod,0,2.284,0.0,-1.5625
359,flexaggrod,0,3.06,0.0,0.0
359,flexaggrod,0,2.7390000000000003,0.0,-1.5
359,flexaggrod,1,2.284,0.0,1.5
359,flexaggrod,0,3.769,0.0,0.0
360,flexaggrod,1,2.284,0.0,1.4375
360,flexaggrod,0,1.7690000000000001,0.0,0.0
360,flexaggrod,0,1.829,0.0,0.0
360,flexaggrod,0,3.254,0.0,-1.4375
361,flexaggrod,1,2.2239999999999998,0.0,2.5
361,flexaggrod,0,3.769,0.0,-2.5
361,flexaggrod,0,4.06,0.0,0.0
361,flexaggrod,0,3.254,0.0,0.0
362,flexaggrod,0,2.7390000000000003,0.0,-1.3125
362,flexaggrod,1,3.0900000000000003,0.0,3.9375
362,flexaggrod,0,2.769,0.0,-1.3125
362,flexaggrod,0,5.06,0.0,-1.3125
363,flexaggrod,1,3.769,0.0,1.5625
363,flexaggrod,0,2.284,0.0,0.0
363,flexaggrod,0,2.284,0.0,-1.5625
363,flexaggrod,0,3.12,0.0,0.0
364,flexaggrod,0,3.769,0.0,-1.4375
364,flexaggrod,0,2.7990000000000004,0.0,-1.4375
364,flexaggrod,1,5.06,0.0,4.3125
364,flexaggrod,0,5.06,0.0,-1.4375
365,flexaggrod,1,2.7390000000000003,0.0,1.375
365,flexaggrod,0,2.7990000000000004,0.0,-1.375
365,flexaggrod,0,2.284,0.0,0.0
365,flexaggrod,0,3.0900000000000003,0.0,0.0
366,flexaggrod,0,2.7990000000000004,0.0,-1.5
366,flexaggrod,0,3.254,0.0,0.0
366,flexaggrod,1,3.254,0.0,1.5
366,flexaggrod,0,2.284,0.0,0.0
367,flexaggrod,0,4.06,0.0,-1.3125
367,flexaggrod,0,2.7990000000000004,0.0,-1.3125
367,flexaggrod,1,3.769,0.0,3.9375
367,flexaggrod,0,3.769,0.0,-1.3125
368,flexaggrod,1,2.254,0.0,2.625
368,flexaggrod,0,2.2239999999999998,0.0,0.0
368,flexaggrod,0,2.7990000000000004,0.0,0.0
368,flexaggrod,0,3.769,0.0,-2.625
369,flexaggrod,0,3.254,0.0,-1.625
369,flexaggrod,1,3.769,0.0,4.875
369,flexaggrod,0,2.7990000000000004,0.0,-1.625
369,flexaggrod,0,2.254,0.0,-1.625
370,flexaggrod,0,5.06,0.0,-1.5
370,flexaggrod,1,2.769,0.0,4.5
370,flexaggrod,0,3.769,0.0,-1.5
370,flexaggrod,0,3.769,0.0,-1.5
371,flexaggrod,1,3.769,0.0,1.5625
371,flexaggrod,0,2.284,0.0,0.0
371,flexaggrod,0,4.09,0.0,-1.5625
371,flexaggrod,0,4.09,0.0,0.0
372,flexaggrod,1,2.769,0.0,1.4375
372,flexaggrod,0,2.284,0.0,-1.4375
372,flexaggrod,0,2.7390000000000003,0.0,0.0
372,flexaggrod,0,3.254,0.0,0.0
373,flexaggrod,0,3.769,0.0,-1.25
373,flexaggrod,0,3.254,0.0,-1.25
373,flexaggrod,1,1.829,0.0,3.75
373,flexaggrod,0,3.769,0.0,-1.25
374,flexaggrod,0,3.254,0.0,0.0
374,flexaggrod,0,3.254,0.0,-1.4375
374,flexaggrod,1,2.7390000000000003,0.0,1.4375
374,flexaggrod,0,3.769,0.0,0.0
375,flexaggrod,0,5.06,0.0,-1.3125
375,flexaggrod,1,3.769,0.0,3.9375
375,flexaggrod,0,2.284,0.0,-1.3125
375,flexaggrod,0,2.769,0.0,-1.3125
376,flexaggrod,1,2.769,0.0,3.9375
376,flexaggrod,0,3.254,0.0,-1.3125
376,flexaggrod,0,2.769,0.0,-1.3125
376,flexaggrod,0,3.769,0.0,-1.3125
377,flexaggrod,1,3.769,0.0,1.4375
377,flexaggrod,0,1.739,0.0,0.0
377,flexaggrod,0,4.06,0.0,0.0
377,flexaggrod,0,3.254,0.0,-1.4375
378,flexaggrod,0,2.2239999999999998,0.0,0.0625
378,flexaggrod,0,3.769,0.0,-1.375
378,flexaggrod,1,4.06,0.0,1.25
378,flexaggrod,0,4.06,0.0,0.0625
379,flexaggrod,0,3.769,0.0,0.0625
379,flexaggrod,0,2.7990000000000004,0.0,0.0625
379,flexaggrod,0,3.769,0.0,-0.1875
379,flexaggrod,0,3.769,0.0,0.0625
380,flexaggrod,0,2.7990000000000004,0.0,-1.375
380,flexaggrod,0,2.7390000000000003,0.0,0.0
380,flexaggrod,0,3.769,0.0,0.0
380,flexaggrod,1,2.284,0.0,1.375
381,flexaggrod,0,3.254,0.0,-1.4375
381,flexaggrod,0,3.254,0.0,-1.4375
381,flexaggrod,1,4.09,0.0,4.3125
381,flexaggrod,0,3.254,0.0,-1.4375
382,flexaggrod,0,3.769,0.0,-1.375
382,flexaggrod,1,2.7390000000000003,0.0,4.125
382,flexaggrod,0,2.769,0.0,-1.375
382,flexaggrod,0,1.7690000000000001,0.0,-1.375
383,flexaggrod,0,3.769,0.0,-1.4375
383,flexaggrod,0,2.7390000000000003,0.0,0.0
383,flexaggrod,0,2.7990000000000004,0.0,0.0
383,flexaggrod,1,4.09,0.0,1.4375
384,flexaggrod,0,2.769,0.0,0.0
384,flexaggrod,0,3.769,0.0,0.0
384,flexaggrod,1,3.769,0.0,1.5
384,flexaggrod,0,3.0900000000000003,0.0,-1.5
385,flexaggrod,0,2.7390000000000003,0.0,-1.375
385,flexaggrod,0,3.12,0.0,-1.375
385,flexaggrod,1,2.7390000000000003,0.0,4.125
385,flexaggrod,0,4.09,0.0,-1.375
386,flexaggrod,1,2.7990000000000004,0.0,1.4375
386,flexaggrod,0,4.09,0.0,0.0
386,flexaggrod,0,4.09,0.0,0.0
386,flexaggrod,0,2.2239999999999998,0.0,-1.4375
387,flexaggrod,0,3.769,0.0,0.0
387,flexaggrod,0,2.7990000000000004,0.0,0.0
387,flexaggrod,0,3.769,0.0,-0.8125
387,flexaggrod,1,1.799,0.0,0.8125
388,flexaggrod,0,2.7990000000000004,0.0,-1.375
388,flexaggrod,0,2.254,0.0,-1.375
388,flexaggrod,0,2.769,0.0,-1.375
388,flexaggrod,1,3.254,0.0,4.125
389,flexaggrod,0,2.7990000000000004,0.0,-2.625
389,flexaggrod,0,3.769,0.0,-2.625
389,flexaggrod,0,4.06,0.0,-2.625
389,flexaggrod,1,2.7390000000000003,0.0,7.5
390,flexaggrod,0,2.7990000000000004,0.0,-1.5
390,flexaggrod,1,2.7390000000000003,0.0,4.5
390,flexaggrod,0,3.254,0.0,-1.5
390,flexaggrod,0,3.769,0.0,-1.5
391,flexaggrod,0,4.09,0.0,-1.5
391,flexaggrod,1,1.254,0.0,4.5
391,flexaggrod,0,4.09,0.0,-1.5
391,flexaggrod,0,2.769,0.0,-1.5
392,flexaggrod,0,3.769,0.0,-1.3125
392,flexaggrod,1,3.12,0.0,3.9375
392,flexaggrod,0,1.799,0.0,-1.3125
392,flexaggrod,0,3.06,0.0,-1.3125
393,flexaggrod,0,4.03,0.0,0.0
393,flexaggrod,0,2.7390000000000003,0.0,0.0
393,flexaggrod,1,2.7990000000000004,0.0,1.4375
393,flexaggrod,0,3.254,0.0,-1.4375
394,flexaggrod,0,3.769,0.0,0.0
394,flexaggrod,1,2.7390000000000003,0.0,2.6875
394,flexaggrod,0,3.769,0.0,0.0
394,flexaggrod,0,4.06,0.0,-2.6875
395,flexaggrod,0,2.7390000000000003,0.0,0.0
395,flexaggrod,0,3.769,0.0,-1.4375
395,flexaggrod,0,2.7990000000000004,0.0,0.0
395,flexaggrod,1,1.799,0.0,1.4375
396,flexaggrod,0,2.7990000000000004,0.0,0.0
396,flexaggrod,1,2.284,0.0,1.375
396,flexaggrod,0,3.769,0.0,-1.375
396,flexaggrod,0,3.769,0.0,0.0
397,flexaggrod,0,2.7390000000000003,0.0,-1.3125
397,flexaggrod,0,3.254,0.0,-1.3125
397,flexaggrod,0,2.7390000000000003,0.0,-1.3125
397,flexaggrod,1,1.7690000000000001,0.0,3.9375
398,flexaggrod,1,2.769,0.0,1.5
398,flexaggrod,0,3.769,0.0,0.0
398,flexaggrod,0,4.09,0.0,0.0
398,flexaggrod,0,3.769,0.0,-1.5
399,flexaggrod,1,3.254,0.0,4.3125
399,flexaggrod,0,2.254,0.0,-1.4375
399,flexaggrod,0,3.769,0.0,-1.4375
399,flexaggrod,0,4.09,0.0,-1.4375
400,flexaggrod,0,2.284,0.0,-1.25
400,flexaggrod,1,3.769,0.0,3.75
400,flexaggrod,0,3.254,0.0,-1.25
400,flexaggrod,0,5.06,0.0,-1.25
401,flexaggrod,0,5.06,0.0,0.0
401,flexaggrod,1,4.06,0.0,0.9375
401,flexaggrod,0,3.254,0.0,-0.9375
401,flexaggrod,0,3.254,0.0,0.0
402,flexaggrod,0,3.254,0.0,-1.25
402,flexaggrod,0,2.769,0.0,-1.25
402,flexaggrod,1,2.769,0.0,3.75
402,flexaggrod,0,3.254,0.0,-1.25
403,flexaggrod,0,3.254,0.0,-1.5
403,flexaggrod,0,1.7690000000000001,0.0,0.0
403,flexaggrod,1,4.09,0.0,1.5
403,flexaggrod,0,2.7990000000000004,0.0,0.0
404,flexaggrod,0,3.769,0.0,0.0
404,flexaggrod,0,1.829,0.0,0.0
404,flexaggrod,0,3.769,0.0,0.0
404,flexaggrod,0,2.7990000000000004,0.0,0.0
405,flexaggrod,0,3.254,0.0,0.0
405,flexaggrod,0,3.254,0.0,0.0
405,flexaggrod,1,2.7990000000000004,0.0,1.375
405,flexaggrod,0,3.254,0.0,-1.375
406,flexaggrod,0,1.799,0.0,-4.0
406,flexaggrod,0,3.254,0.0,0.0
406,flexaggrod,0,3.769,0.0,0.0
406,flexaggrod,1,2.7390000000000003,0.0,4.0
407,flexaggrod,0,2.7990000000000004,0.0,-1.3125
407,flexaggrod,0,3.769,0.0,-1.3125
407,flexaggrod,1,3.769,0.0,3.9375
407,flexaggrod,0,1.7690000000000001,0.0,-1.3125
408,flexaggrod,0,4.09,0.0,-1.3125
408,flexaggrod,0,3.254,0.0,-1.3125
408,flexaggrod,1,3.12,0.0,3.9375
408,flexaggrod,0,1.739,0.0,-1.3125
409,flexaggrod,0,3.254,0.0,0.0
409,flexaggrod,1,2.769,0.0,1.375
409,flexaggrod,0,2.769,0.0,-1.375
409,flexaggrod,0,2.7990000000000004,0.0,0.0
410,flexaggrod,0,3.254,0.0,0.0
410,flexaggrod,0,2.254,0.0,0.0
410,flexaggrod,0,3.254,0.0,-1.4375
410,flexaggrod,1,3.254,0.0,1.4375
411,flexaggrod,0,1.829,0.0,0.0
411,flexaggrod,0,3.254,0.0,0.0
411,flexaggrod,0,2.769,0.0,-1.375
411,flexaggrod,1,2.769,0.0,1.375
412,flexaggrod,0,4.06,0.0,0.0
412,flexaggrod,0,1.7690000000000001,0.0,0.0
412,flexaggrod,0,3.254,0.0,-1.3125
412,flexaggrod,1,1.739,0.0,1.3125
413,flexaggrod,0,5.06,0.0,0.0
413,flexaggrod,0,3.254,0.0,0.0
413,flexaggrod,0,2.7990000000000004,0.0,0.0
413,flexaggrod,0,3.769,0.0,0.0
414,flexaggrod,1,2.2239999999999998,0.0,1.375
414,flexaggrod,0,2.284,0.0,0.0
414,flexaggrod,0,4.09,0.0,-1.375
414,flexaggrod,0,3.769,0.0,0.0
415,flexaggrod,0,2.769,0.0,-1.3125
415,flexaggrod,0,2.769,0.0,-1.3125
415,flexaggrod,0,2.7990000000000004,0.0,-1.3125
415,flexaggrod,1,3.769,0.0,3.9375
416,flexaggrod,1,3.0900000000000003,0.0,1.4375
416,flexaggrod,0,3.0900000000000003,0.0,-1.4375
416,flexaggrod,0,3.254,0.0,0.0
416,flexaggrod,0,4.06,0.0,0.0
417,flexaggrod,0,3.0300000000000002,0.0,-1.5
417,flexaggrod,1,3.254,0.0,1.5
417,flexaggrod,0,4.06,0.0,0.0
417,flexaggrod,0,4.06,0.0,0.0
418,flexaggrod,0,3.769,0.0,-1.5
418,flexaggrod,0,2.769,0.0,0.0
418,flexaggrod,0,1.799,0.0,0.0
418,flexaggrod,1,3.769,0.0,1.5
419,flexaggrod,1,2.7390000000000003,0.0,3.75
419,flexaggrod,0,2.769,0.0,-1.25
419,flexaggrod,0,5.06,0.0,-1.25
419,flexaggrod,0,3.254,0.0,-1.25
420,flexaggrod,0,3.0900000000000003,0.0,0.0625
420,flexaggrod,1,3.254,0.0,2.625
420,flexaggrod,0,2.2239999999999998,0.0,-2.75
420,flexaggrod,0,2.254,0.0,0.0625
421,flexaggrod,0,3.769,0.0,-1.3125
421,flexaggrod,1,3.254,0.0,3.9375
421,flexaggrod,0,5.06,0.0,-1.3125
421,flexaggrod,0,3.254,0.0,-1.3125
422,flexaggrod,0,3.254,0.0,0.0
422,flexaggrod,0,5.06,0.0,0.0
422,flexaggrod,1,2.769,0.0,1.4375
422,flexaggrod,0,4.06,0.0,-1.4375
423,flexaggrod,1,3.254,0.0,4.3125
423,flexaggrod,0,3.12,0.0,-1.4375
423,flexaggrod,0,2.769,0.0,-1.4375
423,flexaggrod,0,3.0900000000000003,0.0,-1.4375
424,flexaggrod,0,3.254,0.0,0.0
424,flexaggrod,1,3.254,0.0,1.4375
424,flexaggrod,0,4.09,0.0,-1.4375
424,flexaggrod,0,2.7390000000000003,0.0,0.0
425,flexaggrod,0,5.06,0.0,-1.5
425,flexaggrod,0,1.829,0.0,0.0
425,flexaggrod,1,3.769,0.0,1.5
425,flexaggrod,0,3.254,0.0,0.0
426,flexaggrod,0,5.06,0.0,0.0
426,flexaggrod,0,3.254,0.0,0.0
426,flexaggrod,0,1.739,0.0,0.0
426,flexaggrod,0,2.2239999999999998,0.0,0.0
427,flexaggrod,1,2.284,0.0,1.375
427,flexaggrod,0,2.769,0.0,0.0
427,flexaggrod,0,4.06,0.0,0.0
427,flexaggrod,0,3.254,0.0,-1.375
428,flexaggrod,0,4.06,0.0,-1.3125
428,flexaggrod,0,2.2239999999999998,0.0,-1.3125
428,flexaggrod,1,2.7990000000000004,0.0,3.9375
428,flexaggrod,0,1.739,0.0,-1.3125
429,flexaggrod,0,3.769,0.0,-1.25
429,flexaggrod,0,2.7990000000000004,0.0,-1.25
429,flexaggrod,0,2.7390000000000003,0.0,-1.25
429,flexaggrod,1,2.284,0.0,3.75
430,flexaggrod,0,4.09,0.0,0.0
430,flexaggrod,0,2.7390000000000003,0.0,0.0
430,flexaggrod,0,3.769,0.0,-1.5625
430,flexaggrod,1,5.06,0.0,1.5625
431,flexaggrod,1,2.7990000000000004,0.0,1.4375
431,flexaggrod,0,2.2239999999999998,0.0,0.0
431,flexaggrod,0,4.09,0.0,-1.4375
431,flexaggrod,0,3.769,0.0,0.0
432,flexaggrod,0,5.06,0.0,-1.375
432,flexaggrod,1,2.769,0.0,4.125
432,flexaggrod,0,2.7390000000000003,0.0,-1.375
432,flexaggrod,0,2.7990000000000004,0.0,-1.375
433,flexaggrod,0,3.254,0.0,0.0
433,flexaggrod,0,2.7390000000000003,0.0,-1.375
433,flexaggrod,1,4.09,0.0,1.375
433,flexaggrod,0,3.254,0.0,0.0
434,flexaggrod,1,2.7990000000000004,0.0,1.375
434,flexaggrod,0,4.06,0.0,-1.375
434,flexaggrod,0,4.06,0.0,0.0
434,flexaggrod,0,3.254,0.0,0.0
435,flexaggrod,1,4.09,0.0,1.375
435,flexaggrod,0,2.7990000000000004,0.0,-1.375
435,flexaggrod,0,2.769,0.0,0.0
435,flexaggrod,0,2.7990000000000004,0.0,0.0
436,flexaggrod,1,3.769,0.0,1.375
436,flexaggrod,0,3.769,0.0,0.0
436,flexaggrod,0,4.06,0.0,-1.375
436,flexaggrod,0,2.7390000000000003,0.0,0.0
437,flexaggrod,0,2.7990000000000004,0.0,0.0
437,flexaggrod,0,1.739,0.0,-1.4375
437,flexaggrod,0,3.254,0.0,0.0
437,flexaggrod,1,1.7690000000000001,0.0,1.4375
438,flexaggrod,1,2.7390000000000003,0.0,1.5
438,flexaggrod,0,3.769,0.0,0.0
438,flexaggrod,0,3.769,0.0,-1.5
438,flexaggrod,0,3.254,0.0,0.0
439,flexaggrod,0,4.09,0.0,-1.375
439,flexaggrod,0,2.254,0.0,-1.375
439,flexaggrod,1,3.769,0.0,4.125
439,flexaggrod,0,2.284,0.0,-1.375
440,flexaggrod,0,3.769,0.0,-1.375
440,flexaggrod,1,2.7990000000000004,0.0,4.125
440,flexaggrod,0,3.254,0.0,-1.375
440,flexaggrod,0,2.284,0.0,-1.375
441,flexaggrod,0,1.224,0.0,0.0
441,flexaggrod,0,5.06,0.0,0.0
441,flexaggrod,0,3.254,0.0,0.0
441,flexaggrod,0,2.769,0.0,0.0
442,flexaggrod,1,4.09,0.0,4.125
442,flexaggrod,0,2.7390000000000003,0.0,-1.375
442,flexaggrod,0,3.769,0.0,-1.375
442,flexaggrod,0,2.2239999999999998,0.0,-1.375
443,flexaggrod,0,4.06,0.0,-1.375
443,flexaggrod,1,5.06,0.0,4.125
443,flexaggrod,0,3.06,0.0,-1.375
443,flexaggrod,0,2.7990000000000004,0.0,-1.375
444,flexaggrod,0,2.254,0.0,0.0
444,flexaggrod,0,2.7390000000000003,0.0,0.0
444,flexaggrod,0,2.7990000000000004,0.0,0.0
444,flexaggrod,0,2.254,0.0,0.0
445,flexaggrod,0,2.769,0.0,0.0
445,flexaggrod,0,2.769,0.0,-1.375
445,flexaggrod,0,4.09,0.0,0.0
445,flexaggrod,1,1.799,0.0,1.375
446,flexaggrod,0,2.7990000000000004,0.0,-1.375
446,flexaggrod,0,2.254,0.0,0.0
446,flexaggrod,1,3.254,0.0,1.375
446,flexaggrod,0,2.7990000000000004,0.0,0.0
447,flexaggrod,0,2.7990000000000004,0.0,-1.5
447,flexaggrod,1,2.769,0.0,4.5
447,flexaggrod,0,1.829,0.0,-1.5
447,flexaggrod,0,3.769,0.0,-1.5
448,flexaggrod,0,2.7390000000000003,0.0,0.0
448,flexaggrod,0,2.7990000000000004,0.0,-1.4375
448,flexaggrod,1,3.254,0.0,1.4375
448,flexaggrod,0,3.254,0.0,0.0
449,flexaggrod,0,3.12,0.0,0.0625
449,flexaggrod,0,2.7390000000000003,0.0,-2.625
449,flexaggrod,0,3.254,0.0,0.0625
449,flexaggrod,1,2.7990000000000004,0.0,2.5
450,flexaggrod,0,3.254,0.0,0.0
450,flexaggrod,0,4.03,0.0,-1.4375
450,flexaggrod,1,3.254,0.0,1.4375
450,flexaggrod,0,2.769,0.0,0.0
451,flexaggrod,0,3.254,0.0,-1.3125
451,flexaggrod,0,1.7690000000000001,0.0,-1.3125
451,flexaggrod,1,3.769,0.0,3.9375
451,flexaggrod,0,4.06,0.0,-1.3125
452,flexaggrod,0,3.254,0.0,-1.375
452,flexaggrod,1,2.769,0.0,1.375
452,flexaggrod,0,2.769,0.0,0.0
452,flexaggrod,0,3.254,0.0,0.0
453,flexaggrod,0,3.769,0.0,-1.4375
453,flexaggrod,0,2.7990000000000004,0.0,-1.4375
453,flexaggrod,1,2.284,0.0,4.3125
453,flexaggrod,0,3.254,0.0,-1.4375
454,flexaggrod,0,2.769,0.0,0.0
454,flexaggrod,0,2.7990000000000004,0.0,0.0
454,flexaggrod,1,2.769,0.0,1.5
454,flexaggrod,0,2.769,0.0,-1.5
455,flexaggrod,0,2.7990000000000004,0.0,-1.375
455,flexaggrod,0,2.284,0.0,0.0
455,flexaggrod,0,4.09,0.0,0.0
455,flexaggrod,1,3.769,0.0,1.375
456,flexaggrod,0,3.254,0.0,0.0
456,flexaggrod,1,5.06,0.0,1.375
456,flexaggrod,0,3.254,0.0,-1.375
456,flexaggrod,0,4.09,0.0,0.0
457,flexaggrod,0,4.09,0.0,0.0
457,flexaggrod,1,4.09,0.0,1.375
457,flexaggrod,0,3.769,0.0,0.0
457,flexaggrod,0,2.284,0.0,-1.375
458,flexaggrod,1,3.254,0.0,1.375
458,flexaggrod,0,3.06,0.0,-1.375
458,flexaggrod,0,3.769,0.0,0.0
458,flexaggrod,0,3.769,0.0,0.0
459,flexaggrod,0,4.06,0.0,-1.375
459,flexaggrod,1,3.254,0.0,4.125
459,flexaggrod,0,3.254,0.0,-1.375
459,flexaggrod,0,5.06,0.0,-1.375
460,flexaggrod,0,3.0900000000000003,0.0,-1.375
460,flexaggrod,0,3.254,0.0,-1.375
460,flexaggrod,1,3.769,0.0,4.125
460,flexaggrod,0,2.7390000000000003,0.0,-1.375
461,flexaggrod,0,3.12,0.0,-1.25
461,flexaggrod,0,3.254,0.0,-1.25
461,flexaggrod,0,2.769,0.0,-1.25
461,flexaggrod,1,3.254,0.0,3.75
462,flexaggrod,0,3.769,0.0,0.0
462,flexaggrod,0,3.254,0.0,-1.625
462,flexaggrod,0,4.09,0.0,0.0
462,flexaggrod,1,-0.305,0.0,1.625
463,flexaggrod,0,3.769,0.0,-1.375
463,flexaggrod,1,1.7690000000000001,0.0,4.125
463,flexaggrod,0,3.254,0.0,-1.375
463,flexaggrod,0,4.09,0.0,-1.375
464,flexaggrod,1,2.254,0.0,1.375
464,flexaggrod,0,3.254,0.0,0.0
464,flexaggrod,0,3.254,0.0,-1.375
464,flexaggrod,0,5.06,0.0,0.0
465,flexaggrod,0,3.254,0.0,0.0
465,flexaggrod,0,3.254,0.0,0.0
465,flexaggrod,0,4.09,0.0,-1.4375
465,flexaggrod,1,3.769,0.0,1.4375
466,flexaggrod,0,3.06,0.0,0.0
466,flexaggrod,0,2.7990000000000004,0.0,0.0
466,flexaggrod,0,4.06,0.0,-1.375
466,flexaggrod,1,5.06,0.0,1.375
467,flexaggrod,1,2.769,0.0,1.375
467,flexaggrod,0,3.769,0.0,-1.375
467,flexaggrod,0,4.03,0.0,0.0
467,flexaggrod,0,3.769,0.0,0.0
468,flexaggrod,1,3.254,0.0,1.375
468,flexaggrod,0,3.769,0.0,0.0
468,flexaggrod,0,4.09,0.0,-1.375
468,flexaggrod,0,3.12,0.0,0.0
469,flexaggrod,0,2.7990000000000004,0.0,0.0
469,flexaggrod,0,3.769,0.0,-1.6875
469,flexaggrod,0,3.769,0.0,0.0
469,flexaggrod,1,2.7990000000000004,0.0,1.6875
470,flexaggrod,0,2.284,0.0,-1.5
470,flexaggrod,1,2.254,0.0,1.5
470,flexaggrod,0,3.254,0.0,0.0
470,flexaggrod,0,2.7390000000000003,0.0,0.0
471,flexaggrod,0,3.254,0.0,-1.375
471,flexaggrod,1,2.7990000000000004,0.0,4.125
471,flexaggrod,0,3.254,0.0,-1.375
471,flexaggrod,0,3.254,0.0,-1.375
472,flexaggrod,0,3.769,0.0,-1.25
472,flexaggrod,1,2.284,0.0,3.75
472,flexaggrod,0,2.769,0.0,-1.25
472,flexaggrod,0,3.769,0.0,-1.25
473,flexaggrod,0,4.09,0.0,-1.4375
473,flexaggrod,1,3.769,0.0,1.4375
473,flexaggrod,0,2.7990000000000004,0.0,0.0
473,flexaggrod,0,3.12,0.0,0.0
474,flexaggrod,0,1.7690000000000001,0.0,0.0
474,flexaggrod,0,3.769,0.0,-1.375
474,flexaggrod,0,3.769,0.0,0.0
474,flexaggrod,1,5.06,0.0,1.375
475,flexaggrod,0,2.7990000000000004,0.0,-1.4375
475,flexaggrod,0,2.769,0.0,-1.4375
475,flexaggrod,0,2.7390000000000003,0.0,-1.4375
475,flexaggrod,1,2.7990000000000004,0.0,4.3125
476,flexaggrod,0,2.7990000000000004,0.0,-1.5
476,flexaggrod,0,2.7990000000000004,0.0,0.0
476,flexaggrod,0,3.254,0.0,0.0
476,flexaggrod,1,3.254,0.0,1.5
477,flexaggrod,1,3.12,0.0,1.375
477,flexaggrod,0,4.09,0.0,0.0
477,flexaggrod,0,4.06,0.0,0.0
477,flexaggrod,0,3.769,0.0,-1.375
478,flexaggrod,0,2.254,0.0,-1.375
478,flexaggrod,0,5.06,0.0,-1.375
478,flexaggrod,1,2.769,0.0,4.125
478,flexaggrod,0,2.769,0.0,-1.375
479,flexaggrod,0,2.769,0.0,0.0
479,flexaggrod,1,3.254,0.0,2.6875
479,flexaggrod,0,2.7990000000000004,0.0,-2.6875
479,flexaggrod,0,2.769,0.0,0.0
480,flexaggrod,0,4.06,0.0,-1.3125
480,flexaggrod,0,5.06,0.0,-1.3125
480,flexaggrod,1,2.7390000000000003,0.0,3.9375
480,flexaggrod,0,2.7990000000000004,0.0,-1.3125
481,flexaggrod,0,2.254,0.0,-1.3125
481,flexaggrod,0,2.769,0.0,-1.3125
481,flexaggrod,1,3.769,0.0,3.9375
481,flexaggrod,0,3.0900000000000003,0.0,-1.3125
482,flexaggrod,0,3.254,0.0,-1.4375
482,flexaggrod,1,3.0900000000000003,0.0,1.4375
482,flexaggrod,0,2.7390000000000003,0.0,0.0
482,flexaggrod,0,2.7990000000000004,0.0,0.0
483,flexaggrod,0,2.769,0.0,0.0
483,flexaggrod,1,3.254,0.0,2.625
483,flexaggrod,0,3.769,0.0,-2.625
483,flexaggrod,0,4.09,0.0,0.0
484,flexaggrod,0,3.254,0.0,0.0
484,flexaggrod,1,4.06,0.0,1.5
484,flexaggrod,0,3.769,0.0,-1.5
484,flexaggrod,0,3.254,0.0,0.0
485,flexaggrod,0,2.284,0.0,-1.375
485,flexaggrod,0,3.254,0.0,-1.375
485,flexaggrod,0,3.254,0.0,-1.375
485,flexaggrod,1,2.769,0.0,4.125
486,flexaggrod,0,2.769,0.0,-1.3125
486,flexaggrod,0,2.7990000000000004,0.0,-1.3125
486,flexaggrod,0,2.254,0.0,-1.3125
486,flexaggrod,1,3.254,0.0,3.9375
487,flexaggrod,0,2.769,0.0,0.0
487,flexaggrod,1,3.254,0.0,1.4375
487,flexaggrod,0,3.254,0.0,0.0
487,flexaggrod,0,4.06,0.0,-1.4375
488,flexaggrod,0,3.254,0.0,-1.375
488,flexaggrod,0,1.799,0.0,-1.375
488,flexaggrod,1,1.709,0.0,4.125
488,flexaggrod,0,2.254,0.0,-1.375
489,flexaggrod,1,3.769,0.0,4.3125
489,flexaggrod,0,2.7390000000000003,0.0,-1.4375
489,flexaggrod,0,3.254,0.0,-1.4375
489,flexaggrod,0,5.06,0.0,-1.4375
490,flexaggrod,0,4.09,0.0,-1.3125
490,flexaggrod,0,2.284,0.0,-1.3125
490,flexaggrod,1,5.06,0.0,3.9375
490,flexaggrod,0,4.06,0.0,-1.3125
491,flexaggrod,0,2.7390000000000003,0.0,-1.4375
491,flexaggrod,0,3.254,0.0,-1.4375
491,flexaggrod,1,3.769,0.0,4.3125
491,flexaggrod,0,2.284,0.0,-1.4375
492,flexaggrod,1,2.254,0.0,3.9375
492,flexaggrod,0,2.284,0.0,-1.3125
492,flexaggrod,0,2.7390000000000003,0.0,-1.3125
492,flexaggrod,0,2.2239999999999998,0.0,-1.3125
493,flexaggrod,0,3.254,0.0,0.0
493,flexaggrod,0,2.254,0.0,-1.375
493,flexaggrod,1,3.769,0.0,1.375
493,flexaggrod,0,2.7390000000000003,0.0,0.0
494,flexaggrod,0,3.254,0.0,-1.375
494,flexaggrod,0,2.2239999999999998,0.0,-1.375
494,flexaggrod,0,1.799,0.0,-1.375
494,flexaggrod,1,3.254,0.0,4.125
495,flexaggrod,0,2.284,0.0,-1.5
495,flexaggrod,0,2.769,0.0,0.0
495,flexaggrod,1,3.769,0.0,1.5
495,flexaggrod,0,3.769,0.0,0.0
496,flexaggrod,0,2.769,0.0,0.0
496,flexaggrod,0,3.254,0.0,0.0
496,flexaggrod,1,2.2239999999999998,0.0,1.4375
496,flexaggrod,0,2.7390000000000003,0.0,-1.4375
497,flexaggrod,0,2.254,0.0,-1.3125
497,flexaggrod,1,2.7390000000000003,0.0,3.9375
497,flexaggrod,0,2.7990000000000004,0.0,-1.3125
497,flexaggrod,0,3.06,0.0,-1.3125
498,flexaggrod,0,4.09,0.0,0.0
498,flexaggrod,0,3.769,0.0,-1.4375
498,flexaggrod,0,2.769,0.0,0.0
498,flexaggrod,1,5.06,0.0,1.4375
499,flexaggrod,0,2.7990000000000004,0.0,0.0
499,flexaggrod,0,3.769,0.0,0.0
499,flexaggrod,0,4.09,0.0,-1.375
499,flexaggrod,1,3.769,0.0,1.375
